Episode,Result,EndReason,Duration,BossPool,P1Pool,P2Pool,BossDmgDealt,PlayerDmgDealt,BossHpLeft,P1HpLeft,P2HpLeft,BossHits,BossCasts,P1Hits,P2Hits,CumulativeReward,FirstTouchP1,FirstTouchP2,P1DeathTime,P2DeathTime,BossTravelDist,UnlockedSkills
1,BossLose,BossDeath,87.0,BossRangedZoner,PlayerHybridSurvivor,PlayerRangedKiter,201,2500,0.00,0.00,1.00,0,17,4,20,-2.899,22.9,-1.0,37.2,-1.0,579.0,3
2,BossLose,BossDeath,64.3,BossMeleeAggro,PlayerCCDebuffer,PlayerMeleeBurst,200,2500,0.00,0.00,1.00,3,12,12,6,-2.059,3.5,-1.0,60.4,-1.0,392.0,3
3,BossLose,BossDeath,50.5,BossTankSustain,PlayerRangedKiter,PlayerMeleeBurst,255,2500,0.00,0.06,0.66,1,14,12,6,-6.937,9.5,-1.0,-1.0,-1.0,183.8,3
4,BossLose,BossDeath,56.5,BossRangedZoner,PlayerMeleeBurst,PlayerRangedKiter,146,2500,0.00,0.53,0.74,2,16,13,11,-4.295,1.4,-1.0,-1.0,-1.0,327.6,3
5,BossWin,AllPlayerDeath,70.5,BossMeleeAggro,PlayerMeleeBurst,PlayerRangedKiter,400,2145,0.14,0.00,0.00,5,16,7,18,-0.454,10.9,70.5,40.2,70.5,371.0,3
6,BossLose,Timeout,90.0,BossMeleeAggro,PlayerRangedKiter,PlayerCCDebuffer,346,525,0.79,0.00,0.27,7,31,1,10,-5.263,6.2,-1.0,6.2,-1.0,607.4,3
7,BossLose,Timeout,90.0,BossRangedZoner,PlayerHybridSurvivor,PlayerRangedKiter,200,1891,0.24,0.00,1.00,5,20,3,17,-2.040,18.7,-1.0,20.2,-1.0,528.0,3
8,BossWin,AllPlayerDeath,80.6,BossTankSustain,PlayerMeleeBurst,PlayerCCDebuffer,400,2271,0.09,0.00,0.00,4,24,6,14,1.029,5.3,80.6,39.6,80.6,382.0,3
9,BossLose,Timeout,90.0,BossRangedZoner,PlayerCCDebuffer,PlayerRangedKiter,201,1871,0.25,0.00,1.00,0,17,4,18,-1.748,4.6,-1.0,22.0,-1.0,577.0,3
10,BossLose,Timeout,90.0,BossTankSustain,PlayerRangedKiter,PlayerMeleeBurst,87,2128,0.15,0.57,1.00,1,22,24,1,-2.147,4.9,-1.0,-1.0,-1.0,509.6,3
11,BossLose,Timeout,90.0,BossTankSustain,PlayerCCDebuffer,PlayerCCDebuffer,200,1379,0.45,0.00,1.00,1,17,7,16,-0.512,2.2,-1.0,50.2,-1.0,601.0,3
12,BossLose,Timeout,90.0,BossRangedZoner,PlayerCCDebuffer,PlayerHybridSurvivor,253,2103,0.16,0.73,0.00,5,19,22,6,-64.345,9.2,65.2,-1.0,65.2,462.0,3
13,BossWin,AllPlayerDeath,74.3,BossTankSustain,PlayerRangedKiter,PlayerCCDebuffer,400,2172,0.13,0.00,0.00,5,14,19,1,-150.488,3.1,8.3,74.3,8.3,429.8,3
14,BossLose,Timeout,90.0,BossMeleeAggro,PlayerHybridSurvivor,PlayerMeleeBurst,200,564,0.77,0.00,1.00,3,20,0,4,-78.350,2.1,59.9,35.1,-1.0,429.0,3
15,BossLose,Timeout,90.0,BossTankSustain,PlayerMeleeBurst,PlayerRangedKiter,205,2227,0.11,0.00,0.97,4,15,3,22,-0.319,5.2,-1.0,26.9,-1.0,526.0,3
16,BossLose,Timeout,90.0,BossTankSustain,PlayerCCDebuffer,PlayerHybridSurvivor,204,1316,0.47,0.00,0.98,2,19,19,1,-1.871,1.8,-1.0,71.5,-1.0,519.8,3
17,BossLose,BossDeath,80.6,BossTankSustain,PlayerCCDebuffer,PlayerMeleeBurst,100,2500,0.00,1.00,0.50,2,16,15,10,-5.850,2.0,-1.0,-1.0,-1.0,474.8,3
18,BossLose,Timeout,90.0,BossTankSustain,PlayerCCDebuffer,PlayerCCDebuffer,182,2421,0.03,0.09,1.00,1,21,19,15,-0.497,9.2,-1.0,-1.0,-1.0,523.0,3
19,BossLose,Timeout,90.0,BossTankSustain,PlayerMeleeBurst,PlayerRangedKiter,301,1643,0.34,0.00,0.50,4,23,3,21,-3.010,9.9,-1.0,23.0,-1.0,534.0,3
20,BossLose,BossDeath,64.8,BossTankSustain,PlayerMeleeBurst,PlayerMeleeBurst,128,2500,0.00,0.36,1.00,1,13,18,4,-2.973,3.7,-1.0,-1.0,-1.0,413.0,3
21,BossLose,Timeout,90.0,BossTankSustain,PlayerRangedKiter,PlayerCCDebuffer,36,2016,0.19,1.00,0.82,1,16,22,13,-0.834,2.1,-1.0,-1.0,-1.0,595.0,3
22,BossLose,BossDeath,61.8,BossMeleeAggro,PlayerRangedKiter,PlayerHybridSurvivor,299,2500,0.00,0.00,0.51,5,18,9,7,-1.288,13.6,-1.0,40.1,-1.0,299.0,3
23,BossLose,BossDeath,78.6,BossTankSustain,PlayerCCDebuffer,PlayerRangedKiter,200,2500,0.00,0.00,1.00,2,22,8,24,-3.696,4.1,-1.0,46.3,-1.0,417.0,3
24,BossWin,AllPlayerDeath,61.4,BossMeleeAggro,PlayerCCDebuffer,PlayerHybridSurvivor,400,184,0.93,0.00,0.00,5,21,2,1,7.155,15.2,61.4,18.6,61.4,454.0,3
25,BossLose,BossDeath,65.7,BossRangedZoner,PlayerRangedKiter,PlayerMeleeBurst,112,2500,0.00,0.85,0.59,2,18,16,8,-46.076,4.0,47.5,-1.0,-1.0,338.0,3
26,BossLose,BossDeath,74.9,BossRangedZoner,PlayerHybridSurvivor,PlayerRangedKiter,188,2500,0.00,0.11,0.95,0,17,13,15,-7.181,7.7,-1.0,-1.0,-1.0,383.0,3
27,BossLose,Timeout,90.0,BossTankSustain,PlayerRangedKiter,PlayerMeleeBurst,200,1673,0.33,0.00,1.00,5,28,2,9,-2.856,19.3,-1.0,19.3,-1.0,577.0,3
28,BossLose,BossDeath,46.5,BossTankSustain,PlayerRangedKiter,PlayerRangedKiter,200,2500,0.00,0.00,1.00,0,8,10,12,1.538,5.5,-1.0,40.0,-1.0,202.0,3
29,BossLose,BossDeath,88.0,BossTankSustain,PlayerHybridSurvivor,PlayerMeleeBurst,362,2500,0.00,0.00,0.19,3,27,14,7,-5.064,23.0,-1.0,57.5,-1.0,520.0,3
30,BossLose,BossDeath,85.6,BossMeleeAggro,PlayerMeleeBurst,PlayerCCDebuffer,200,2500,0.00,0.00,1.00,6,18,10,14,-0.199,4.6,-1.0,40.2,-1.0,561.0,3
31,BossLose,Timeout,90.0,BossRangedZoner,PlayerCCDebuffer,PlayerHybridSurvivor,331,1137,0.55,0.00,0.35,2,16,6,5,-2.544,2.8,-1.0,31.8,-1.0,535.0,3
32,BossLose,BossDeath,57.5,BossRangedZoner,PlayerMeleeBurst,PlayerCCDebuffer,31,2500,0.00,0.88,0.96,0,11,14,10,-3.075,8.5,-1.0,-1.0,-1.0,364.0,3
33,BossWin,AllPlayerDeath,54.1,BossMeleeAggro,PlayerRangedKiter,PlayerHybridSurvivor,400,713,0.71,0.00,0.00,5,17,4,2,5.944,3.4,54.1,30.4,54.1,356.8,3
34,BossLose,Timeout,90.0,BossMeleeAggro,PlayerCCDebuffer,PlayerMeleeBurst,300,1803,0.28,0.00,0.50,5,31,6,7,-2.744,6.8,-1.0,30.2,-1.0,561.4,3
35,BossLose,Timeout,90.0,BossTankSustain,PlayerRangedKiter,PlayerCCDebuffer,257,1558,0.38,0.00,0.71,2,19,10,12,-4.857,19.5,-1.0,57.1,-1.0,556.6,3
36,BossLose,Timeout,90.0,BossRangedZoner,PlayerMeleeBurst,PlayerHybridSurvivor,274,1853,0.26,0.00,0.63,7,20,6,8,3.081,4.6,-1.0,30.9,-1.0,496.0,3
37,BossLose,BossDeath,56.7,BossTankSustain,PlayerRangedKiter,PlayerMeleeBurst,176,2500,0.00,0.12,1.00,1,12,13,6,-5.130,1.8,-1.0,-1.0,-1.0,306.0,3
38,BossLose,Timeout,90.0,BossTankSustain,PlayerRangedKiter,PlayerMeleeBurst,306,1962,0.22,0.00,0.47,4,18,1,12,36.839,8.1,34.3,8.1,-1.0,365.0,3
39,BossLose,Timeout,90.0,BossRangedZoner,PlayerCCDebuffer,PlayerCCDebuffer,285,1729,0.31,0.00,0.57,8,26,5,14,-2.790,13.9,-1.0,25.5,-1.0,494.0,3
40,BossWin,AllPlayerDeath,62.2,BossMeleeAggro,PlayerHybridSurvivor,PlayerRangedKiter,400,984,0.61,0.00,0.00,4,13,1,12,0.190,1.7,62.2,15.0,62.2,367.0,3
41,BossLose,Timeout,90.0,BossMeleeAggro,PlayerHybridSurvivor,PlayerMeleeBurst,250,1700,0.32,0.00,0.75,3,25,1,9,3.229,4.8,89.6,6.2,-1.0,626.0,3
42,BossLose,Timeout,90.0,BossRangedZoner,PlayerCCDebuffer,PlayerCCDebuffer,264,1642,0.34,0.00,0.68,6,24,9,15,-0.134,28.8,-1.0,35.2,-1.0,538.6,3
43,BossWin,AllPlayerDeath,30.1,BossMeleeAggro,PlayerHybridSurvivor,PlayerCCDebuffer,400,610,0.76,0.00,0.00,4,8,1,7,5.022,3.7,30.1,24.8,30.1,196.0,3
44,BossWin,AllPlayerDeath,75.7,BossRangedZoner,PlayerMeleeBurst,PlayerRangedKiter,400,2209,0.12,0.00,0.00,6,21,5,19,-30.206,13.9,63.0,25.1,75.7,351.0,3
45,BossWin,AllPlayerDeath,55.7,BossMeleeAggro,PlayerRangedKiter,PlayerCCDebuffer,400,1820,0.27,0.00,0.00,4,12,7,7,4.706,27.3,55.7,35.6,55.7,319.0,3
46,BossWin,AllPlayerDeath,60.2,BossRangedZoner,PlayerCCDebuffer,PlayerMeleeBurst,400,1958,0.22,0.00,0.00,6,16,8,6,3.425,6.7,60.2,40.2,60.2,299.0,3
47,BossLose,Timeout,90.0,BossMeleeAggro,PlayerMeleeBurst,PlayerMeleeBurst,275,1434,0.43,0.00,0.63,10,27,3,7,-2.598,1.8,-1.0,20.7,-1.0,563.0,3
48,BossLose,BossDeath,57.2,BossTankSustain,PlayerRangedKiter,PlayerCCDebuffer,61,2500,0.00,0.69,1.00,0,9,16,9,-3.801,10.4,-1.0,-1.0,-1.0,374.8,3
49,BossWin,AllPlayerDeath,55.1,BossRangedZoner,PlayerCCDebuffer,PlayerMeleeBurst,400,1586,0.37,0.00,0.00,4,15,14,2,-80.779,1.9,23.1,55.1,23.1,265.0,3
50,BossLose,BossDeath,57.4,BossMeleeAggro,PlayerRangedKiter,PlayerMeleeBurst,271,2500,0.00,0.00,0.65,5,11,8,8,-32.214,17.7,41.2,40.1,-1.0,270.0,3
51,BossWin,AllPlayerDeath,30.6,BossMeleeAggro,PlayerMeleeBurst,PlayerMeleeBurst,400,604,0.76,0.00,0.00,4,5,4,2,4.888,2.0,30.6,20.5,30.6,216.8,3
52,BossLose,Timeout,90.0,BossRangedZoner,PlayerRangedKiter,PlayerHybridSurvivor,200,1567,0.37,0.00,1.00,0,17,4,8,0.391,13.3,-1.0,26.9,-1.0,530.4,3
53,BossLose,BossDeath,54.8,BossRangedZoner,PlayerCCDebuffer,PlayerRangedKiter,104,2500,0.00,0.63,0.85,1,9,15,12,-3.968,1.9,-1.0,-1.0,-1.0,260.2,3
54,BossLose,Timeout,90.0,BossMeleeAggro,PlayerHybridSurvivor,PlayerMeleeBurst,361,1871,0.25,0.00,0.19,6,22,4,7,-2.648,1.6,-1.0,38.3,-1.0,516.0,3
55,BossLose,BossDeath,46.6,BossRangedZoner,PlayerMeleeBurst,PlayerCCDebuffer,200,2500,0.00,0.38,0.62,1,11,12,8,-32.850,9.6,12.3,-1.0,-1.0,129.0,3
56,BossLose,Timeout,90.0,BossRangedZoner,PlayerHybridSurvivor,PlayerHybridSurvivor,325,1604,0.36,0.00,0.37,3,24,0,9,-17.672,2.0,82.3,21.9,-1.0,548.6,3
57,BossLose,BossDeath,60.8,BossMeleeAggro,PlayerRangedKiter,PlayerCCDebuffer,256,2500,0.00,0.24,0.48,3,14,16,10,-1.349,14.5,-1.0,-1.0,-1.0,322.0,3
58,BossLose,Timeout,90.0,BossRangedZoner,PlayerHybridSurvivor,PlayerCCDebuffer,200,1796,0.28,0.00,1.00,5,17,7,13,-3.572,1.4,-1.0,35.4,-1.0,549.6,3
59,BossLose,BossDeath,72.8,BossMeleeAggro,PlayerCCDebuffer,PlayerMeleeBurst,200,2500,0.00,0.00,1.00,3,17,8,8,-133.378,2.9,18.9,38.1,-1.0,193.0,3
60,BossWin,AllPlayerDeath,86.3,BossMeleeAggro,PlayerHybridSurvivor,PlayerCCDebuffer,400,2149,0.14,0.00,0.00,8,26,3,21,-0.243,9.7,86.3,20.3,86.3,520.8,3
61,BossLose,BossDeath,63.7,BossTankSustain,PlayerCCDebuffer,PlayerMeleeBurst,142,2500,0.00,0.62,0.67,2,14,16,8,-2.672,9.2,-1.0,-1.0,-1.0,397.4,3
62,BossLose,Timeout,90.0,BossRangedZoner,PlayerHybridSurvivor,PlayerCCDebuffer,286,1501,0.40,0.00,0.57,6,17,1,18,0.726,5.9,-1.0,20.1,-1.0,482.6,3
63,BossLose,BossDeath,80.9,BossTankSustain,PlayerMeleeBurst,PlayerHybridSurvivor,43,2500,0.00,0.79,1.00,0,9,16,0,-1.884,4.6,-1.0,-1.0,-1.0,548.0,3
64,BossLose,Timeout,90.0,BossMeleeAggro,PlayerHybridSurvivor,PlayerRangedKiter,228,2155,0.14,0.00,0.86,6,31,0,17,-6.538,0.3,-1.0,0.3,-1.0,558.6,3
65,BossLose,BossDeath,79.6,BossRangedZoner,PlayerHybridSurvivor,PlayerMeleeBurst,200,2500,0.00,0.00,1.00,0,18,14,8,-8.539,3.5,-1.0,75.4,-1.0,422.0,3
66,BossWin,AllPlayerDeath,86.0,BossMeleeAggro,PlayerMeleeBurst,PlayerMeleeBurst,400,1752,0.30,0.00,0.00,7,29,4,6,1.608,5.3,86.0,20.3,86.0,489.0,3
67,BossWin,AllPlayerDeath,61.3,BossMeleeAggro,PlayerRangedKiter,PlayerHybridSurvivor,400,1733,0.31,0.00,0.00,6,18,10,6,2.900,2.0,61.3,47.1,61.3,366.0,3
68,BossLose,BossDeath,48.2,BossRangedZoner,PlayerMeleeBurst,PlayerHybridSurvivor,97,2500,0.00,0.80,0.71,0,13,13,4,-2.721,11.1,-1.0,-1.0,-1.0,279.0,3
69,BossLose,BossDeath,50.8,BossRangedZoner,PlayerRangedKiter,PlayerMeleeBurst,190,2500,0.00,0.78,0.26,0,11,13,7,-3.642,8.5,-1.0,-1.0,-1.0,212.0,3
70,BossLose,Timeout,90.0,BossRangedZoner,PlayerHybridSurvivor,PlayerCCDebuffer,270,2073,0.17,0.00,0.65,5,22,8,15,-5.952,4.1,86.8,43.8,-1.0,594.0,3
71,BossLose,Timeout,90.0,BossTankSustain,PlayerCCDebuffer,PlayerCCDebuffer,207,1334,0.47,0.00,0.96,2,18,7,17,-81.336,3.7,45.3,57.0,-1.0,389.8,3
72,BossLose,BossDeath,64.7,BossTankSustain,PlayerCCDebuffer,PlayerMeleeBurst,190,2500,0.00,0.38,0.67,2,20,15,9,-4.917,7.7,-1.0,-1.0,-1.0,349.0,3
73,BossLose,Timeout,90.0,BossTankSustain,PlayerHybridSurvivor,PlayerHybridSurvivor,196,1426,0.43,0.12,0.90,3,28,8,0,-6.807,2.0,-1.0,-1.0,-1.0,533.0,3
74,BossWin,AllPlayerDeath,74.0,BossTankSustain,PlayerCCDebuffer,PlayerHybridSurvivor,400,1047,0.58,0.00,0.00,3,23,8,4,-20.250,2.0,64.8,54.3,74.0,482.0,3
75,BossWin,AllPlayerDeath,61.2,BossMeleeAggro,PlayerHybridSurvivor,PlayerCCDebuffer,400,740,0.70,0.00,0.00,5,13,2,9,3.863,1.4,61.2,20.4,61.2,414.0,3
76,BossWin,AllPlayerDeath,88.7,BossMeleeAggro,PlayerCCDebuffer,PlayerCCDebuffer,400,2361,0.06,0.00,0.00,5,24,11,12,1.084,4.3,87.1,46.2,88.7,585.0,3
77,BossLose,Timeout,90.0,BossRangedZoner,PlayerRangedKiter,PlayerCCDebuffer,162,1773,0.29,0.48,0.71,2,19,23,15,-3.955,3.4,-1.0,-1.0,-1.0,564.0,3
78,BossLose,Timeout,90.0,BossRangedZoner,PlayerRangedKiter,PlayerMeleeBurst,262,1486,0.41,0.00,0.69,3,24,4,10,-56.914,5.1,66.7,25.3,-1.0,459.0,3
79,BossWin,AllPlayerDeath,74.7,BossTankSustain,PlayerHybridSurvivor,PlayerHybridSurvivor,400,740,0.70,0.00,0.00,5,16,2,3,2.877,4.2,74.7,25.4,74.7,461.0,3
80,BossLose,BossDeath,76.0,BossTankSustain,PlayerCCDebuffer,PlayerCCDebuffer,83,2500,0.00,0.59,1.00,0,15,15,14,-3.782,1.7,-1.0,-1.0,-1.0,487.0,3
81,BossLose,Timeout,90.0,BossRangedZoner,PlayerRangedKiter,PlayerMeleeBurst,286,727,0.71,0.00,0.57,4,24,2,4,1.539,3.8,-1.0,20.8,-1.0,589.4,3
82,BossWin,AllPlayerDeath,81.4,BossTankSustain,PlayerRangedKiter,PlayerHybridSurvivor,400,2282,0.09,0.00,0.00,4,20,14,7,-52.961,2.1,61.1,56.1,81.4,361.0,3
83,BossLose,BossDeath,81.2,BossMeleeAggro,PlayerRangedKiter,PlayerRangedKiter,361,2500,0.00,0.00,0.19,4,25,4,21,-35.681,5.5,59.3,32.7,-1.0,416.0,3
84,BossLose,Timeout,90.0,BossMeleeAggro,PlayerMeleeBurst,PlayerHybridSurvivor,310,2165,0.13,0.00,0.45,6,20,7,8,-4.209,30.2,-1.0,30.2,-1.0,572.0,3
85,BossWin,AllPlayerDeath,46.2,BossMeleeAggro,PlayerCCDebuffer,PlayerCCDebuffer,400,783,0.69,0.00,0.00,3,11,1,7,6.573,5.7,46.2,6.0,46.2,302.0,3
86,BossWin,AllPlayerDeath,78.9,BossTankSustain,PlayerRangedKiter,PlayerRangedKiter,400,1713,0.31,0.00,0.00,4,10,19,3,-91.267,33.7,30.2,78.9,30.2,423.0,3
87,BossLose,Timeout,90.0,BossTankSustain,PlayerHybridSurvivor,PlayerMeleeBurst,16,1694,0.32,1.00,0.92,1,13,13,3,-5.508,2.2,-1.0,-1.0,-1.0,553.4,3
88,BossLose,Timeout,90.0,BossRangedZoner,PlayerHybridSurvivor,PlayerMeleeBurst,248,1793,0.28,0.05,0.71,4,18,14,3,-1.188,6.2,-1.0,-1.0,-1.0,555.0,3
89,BossLose,BossDeath,71.0,BossTankSustain,PlayerHybridSurvivor,PlayerMeleeBurst,222,2500,0.00,0.13,0.76,3,19,15,5,-4.751,2.8,-1.0,-1.0,-1.0,402.0,3
90,BossWin,AllPlayerDeath,73.2,BossTankSustain,PlayerHybridSurvivor,PlayerMeleeBurst,400,1591,0.36,0.00,0.00,6,18,4,6,1.183,1.8,73.2,65.7,73.2,444.0,3
91,BossLose,BossDeath,83.7,BossTankSustain,PlayerCCDebuffer,PlayerCCDebuffer,206,2500,0.00,0.00,0.97,2,26,13,17,-0.079,10.7,-1.0,46.7,-1.0,548.0,3
92,BossWin,AllPlayerDeath,48.6,BossTankSustain,PlayerCCDebuffer,PlayerRangedKiter,400,1182,0.53,0.00,0.00,5,10,11,8,-2.878,1.9,46.2,48.6,46.2,293.0,3
93,BossLose,Timeout,90.0,BossRangedZoner,PlayerCCDebuffer,PlayerRangedKiter,200,2457,0.02,0.00,1.00,2,21,19,22,-166.830,2.7,23.5,66.7,-1.0,234.0,3
94,BossWin,AllPlayerDeath,72.5,BossMeleeAggro,PlayerCCDebuffer,PlayerMeleeBurst,400,2089,0.16,0.00,0.00,7,16,7,8,3.331,6.3,72.5,40.2,72.5,442.0,3
95,BossWin,AllPlayerDeath,48.9,BossTankSustain,PlayerRangedKiter,PlayerMeleeBurst,400,1526,0.39,0.00,0.00,5,14,10,3,-61.137,2.0,24.5,48.9,24.5,223.0,3
96,BossLose,Timeout,90.0,BossTankSustain,PlayerRangedKiter,PlayerHybridSurvivor,236,1585,0.37,0.00,0.82,0,21,2,7,-30.002,2.0,78.6,32.2,-1.0,524.0,3
97,BossLose,BossDeath,65.3,BossTankSustain,PlayerCCDebuffer,PlayerCCDebuffer,0,2500,0.00,1.00,1.00,0,9,18,11,-98.365,5.9,21.7,-1.0,-1.0,232.0,3
98,BossLose,Timeout,90.0,BossRangedZoner,PlayerMeleeBurst,PlayerCCDebuffer,314,2466,0.01,0.00,0.43,5,24,2,21,-78.421,2.0,60.2,20.3,-1.0,425.0,3
99,BossLose,Timeout,90.0,BossTankSustain,PlayerHybridSurvivor,PlayerHybridSurvivor,213,838,0.66,0.00,0.93,5,28,1,4,-1.508,11.2,-1.0,32.8,-1.0,595.4,3
100,BossLose,Timeout,90.0,BossMeleeAggro,PlayerRangedKiter,PlayerMeleeBurst,306,1627,0.35,0.00,0.47,2,22,7,5,1.210,3.9,-1.0,42.3,-1.0,587.0,3
101,BossWin,AllPlayerDeath,60.6,BossMeleeAggro,PlayerMeleeBurst,PlayerRangedKiter,400,1621,0.35,0.00,0.00,6,14,7,10,4.928,23.9,60.6,30.6,60.6,432.0,3
102,BossLose,BossDeath,56.3,BossMeleeAggro,PlayerRangedKiter,PlayerMeleeBurst,145,2500,0.00,0.50,0.78,2,20,10,8,-2.870,1.8,-1.0,-1.0,-1.0,324.2,3
103,BossLose,Timeout,90.0,BossMeleeAggro,PlayerCCDebuffer,PlayerMeleeBurst,165,1964,0.21,1.00,0.18,1,25,22,2,-2.952,7.8,-1.0,-1.0,-1.0,515.0,3
104,BossWin,AllPlayerDeath,27.6,BossMeleeAggro,PlayerHybridSurvivor,PlayerCCDebuffer,400,240,0.90,0.00,0.00,4,6,0,3,1.080,15.1,26.8,15.1,27.6,172.0,2
105,BossLose,BossDeath,34.7,BossMeleeAggro,PlayerMeleeBurst,PlayerRangedKiter,172,2500,0.00,0.14,1.00,0,6,8,7,-0.234,3.8,-1.0,-1.0,-1.0,227.0,3
106,BossLose,BossDeath,72.9,BossMeleeAggro,PlayerRangedKiter,PlayerCCDebuffer,343,2500,0.00,0.00,0.29,6,17,12,21,-32.408,11.9,58.7,50.1,-1.0,353.0,3
107,BossWin,AllPlayerDeath,33.3,BossMeleeAggro,PlayerCCDebuffer,PlayerRangedKiter,400,676,0.73,0.00,0.00,4,9,3,5,6.594,4.4,33.3,20.5,33.3,226.0,3
108,BossLose,Timeout,90.0,BossMeleeAggro,PlayerHybridSurvivor,PlayerRangedKiter,213,1630,0.35,0.00,0.93,3,20,2,20,-6.212,4.3,-1.0,26.9,-1.0,466.0,3
109,BossLose,Timeout,90.0,BossTankSustain,PlayerHybridSurvivor,PlayerHybridSurvivor,148,1975,0.21,0.26,1.00,0,13,14,1,-4.473,1.9,-1.0,-1.0,-1.0,570.0,3
110,BossWin,AllPlayerDeath,61.5,BossRangedZoner,PlayerCCDebuffer,PlayerHybridSurvivor,400,1102,0.56,0.00,0.00,4,11,6,4,4.755,4.2,61.5,41.8,61.5,374.0,3
111,BossWin,AllPlayerDeath,25.1,BossMeleeAggro,PlayerCCDebuffer,PlayerHybridSurvivor,400,433,0.83,0.00,0.00,4,6,3,1,5.411,19.4,25.1,25.1,25.1,174.0,2
112,BossWin,AllPlayerDeath,51.0,BossMeleeAggro,PlayerCCDebuffer,PlayerHybridSurvivor,400,771,0.69,0.00,0.00,6,9,3,5,6.404,5.0,51.0,20.1,51.0,305.0,3
113,BossWin,AllPlayerDeath,80.4,BossRangedZoner,PlayerHybridSurvivor,PlayerHybridSurvivor,400,2381,0.05,0.00,0.00,5,16,10,7,-0.748,5.4,80.4,60.3,80.4,311.0,3
114,BossLose,BossDeath,56.3,BossRangedZoner,PlayerMeleeBurst,PlayerHybridSurvivor,60,2500,0.00,0.89,0.80,1,10,15,5,-2.951,8.3,-1.0,-1.0,-1.0,296.0,3
115,BossLose,Timeout,90.0,BossRangedZoner,PlayerRangedKiter,PlayerCCDebuffer,233,1068,0.57,0.00,0.83,5,25,3,15,-3.796,5.9,68.0,25.2,-1.0,491.0,3
116,BossLose,BossDeath,86.3,BossTankSustain,PlayerRangedKiter,PlayerMeleeBurst,278,2500,0.00,0.61,0.00,4,21,21,5,-17.825,2.6,78.3,-1.0,78.3,537.0,3
117,BossLose,Timeout,90.0,BossRangedZoner,PlayerRangedKiter,PlayerMeleeBurst,200,1339,0.46,0.00,1.00,6,18,12,3,-63.452,3.9,55.6,60.2,-1.0,381.0,3
118,BossLose,Timeout,90.0,BossRangedZoner,PlayerRangedKiter,PlayerHybridSurvivor,200,2263,0.09,0.00,1.00,0,19,15,7,-0.967,3.9,-1.0,61.9,-1.0,536.8,3
119,BossWin,AllPlayerDeath,50.4,BossRangedZoner,PlayerRangedKiter,PlayerCCDebuffer,400,735,0.71,0.00,0.00,5,13,4,8,1.048,1.8,50.4,30.4,50.4,280.0,3
120,BossLose,Timeout,90.0,BossRangedZoner,PlayerHybridSurvivor,PlayerRangedKiter,374,1691,0.32,0.00,0.13,6,16,2,14,0.720,4.8,-1.0,17.1,-1.0,545.4,3
121,BossWin,AllPlayerDeath,52.5,BossRangedZoner,PlayerHybridSurvivor,PlayerMeleeBurst,400,224,0.91,0.00,0.00,4,10,0,4,-1.000,8.8,52.5,8.8,52.5,303.0,3
122,BossWin,AllPlayerDeath,66.8,BossTankSustain,PlayerMeleeBurst,PlayerMeleeBurst,400,1931,0.23,0.00,0.00,5,17,11,5,-37.200,3.6,50.5,66.8,50.5,364.0,3
123,BossLose,Timeout,90.0,BossMeleeAggro,PlayerRangedKiter,PlayerHybridSurvivor,362,1848,0.26,0.00,0.19,5,20,10,3,-3.791,10.5,88.1,40.1,-1.0,565.0,3
124,BossWin,AllPlayerDeath,40.8,BossTankSustain,PlayerCCDebuffer,PlayerMeleeBurst,400,1065,0.57,0.00,0.00,4,8,10,1,-65.093,4.3,8.4,40.8,8.4,153.0,3
125,BossWin,AllPlayerDeath,25.3,BossMeleeAggro,PlayerMeleeBurst,PlayerHybridSurvivor,400,1153,0.54,0.00,0.00,4,6,4,2,5.471,4.1,25.3,21.3,25.3,156.0,2
126,BossLose,Timeout,90.0,BossTankSustain,PlayerCCDebuffer,PlayerHybridSurvivor,203,1108,0.56,0.00,0.99,3,28,13,3,-25.340,6.5,80.4,54.4,-1.0,504.4,3
127,BossLose,BossDeath,79.7,BossMeleeAggro,PlayerRangedKiter,PlayerRangedKiter,372,2500,0.00,0.00,0.14,8,28,6,20,-2.064,4.3,-1.0,35.6,-1.0,407.0,3
128,BossWin,AllPlayerDeath,31.7,BossMeleeAggro,PlayerMeleeBurst,PlayerHybridSurvivor,400,580,0.77,0.00,0.00,3,8,1,2,2.585,1.1,31.7,1.1,31.7,228.0,3
129,BossLose,Timeout,90.0,BossTankSustain,PlayerHybridSurvivor,PlayerHybridSurvivor,200,1977,0.21,0.00,1.00,2,18,13,3,-2.170,11.3,-1.0,79.3,-1.0,490.4,3
130,BossLose,BossDeath,48.0,BossTankSustain,PlayerMeleeBurst,PlayerMeleeBurst,235,2500,0.00,0.23,0.60,2,13,12,2,1.870,4.4,-1.0,-1.0,-1.0,270.0,3
131,BossLose,Timeout,90.0,BossTankSustain,PlayerCCDebuffer,PlayerCCDebuffer,198,1860,0.26,0.01,1.00,1,19,20,11,-4.857,1.7,-1.0,-1.0,-1.0,559.0,3
132,BossWin,AllPlayerDeath,50.8,BossRangedZoner,PlayerCCDebuffer,PlayerHybridSurvivor,400,1202,0.52,0.00,0.00,5,9,3,4,4.462,8.1,50.8,20.6,50.8,311.0,3
133,BossLose,Timeout,90.0,BossTankSustain,PlayerCCDebuffer,PlayerHybridSurvivor,226,983,0.61,0.00,0.87,0,17,3,4,2.991,5.9,-1.0,16.8,-1.0,664.4,3
134,BossWin,AllPlayerDeath,45.4,BossMeleeAggro,PlayerMeleeBurst,PlayerHybridSurvivor,400,125,0.95,0.00,0.00,4,14,1,0,1.055,6.1,45.4,6.1,45.4,309.0,3
135,BossLose,Timeout,90.0,BossTankSustain,PlayerMeleeBurst,PlayerMeleeBurst,200,2246,0.10,0.00,1.00,1,21,3,10,45.877,15.1,10.4,15.1,-1.0,148.0,3
136,BossLose,Timeout,90.0,BossTankSustain,PlayerRangedKiter,PlayerRangedKiter,286,2166,0.13,0.00,0.57,2,21,6,25,-86.056,2.1,51.8,42.1,-1.0,378.0,3
137,BossLose,Timeout,90.0,BossRangedZoner,PlayerCCDebuffer,PlayerRangedKiter,239,2016,0.19,0.59,0.22,3,19,17,14,-0.790,2.1,-1.0,-1.0,-1.0,552.0,3
138,BossLose,BossDeath,85.4,BossRangedZoner,PlayerRangedKiter,PlayerHybridSurvivor,59,2500,0.00,0.92,0.79,2,21,19,8,-4.117,14.3,-1.0,-1.0,-1.0,445.2,3
139,BossLose,BossDeath,76.3,BossMeleeAggro,PlayerCCDebuffer,PlayerRangedKiter,219,2500,0.00,0.00,0.91,7,18,7,18,-140.137,1.2,23.6,32.5,-1.0,224.0,3
140,BossLose,Timeout,90.0,BossMeleeAggro,PlayerMeleeBurst,PlayerHybridSurvivor,274,937,0.63,0.00,0.63,10,18,5,0,-152.621,4.5,30.7,20.4,-1.0,253.0,3
141,BossLose,Timeout,90.0,BossTankSustain,PlayerRangedKiter,PlayerRangedKiter,200,2247,0.10,0.00,1.00,1,23,6,17,-2.926,2.3,-1.0,36.7,-1.0,543.0,3
142,BossLose,Timeout,90.0,BossRangedZoner,PlayerCCDebuffer,PlayerHybridSurvivor,350,1067,0.57,0.00,0.25,6,17,3,8,-1.902,5.9,-1.0,31.3,-1.0,481.2,3
143,BossLose,BossDeath,77.4,BossRangedZoner,PlayerCCDebuffer,PlayerRangedKiter,273,2500,0.00,0.12,0.51,2,22,21,22,-2.680,5.9,-1.0,-1.0,-1.0,375.2,3
144,BossWin,AllPlayerDeath,56.6,BossTankSustain,PlayerCCDebuffer,PlayerRangedKiter,400,1822,0.27,0.00,0.00,5,17,12,9,-18.898,6.9,47.8,56.6,47.8,280.0,3
145,BossLose,Timeout,90.0,BossMeleeAggro,PlayerHybridSurvivor,PlayerHybridSurvivor,364,713,0.71,0.00,0.18,8,23,0,5,-0.184,2.1,-1.0,31.7,-1.0,576.0,3
146,BossLose,Timeout,90.0,BossRangedZoner,PlayerMeleeBurst,PlayerRangedKiter,234,2101,0.16,0.83,0.00,6,26,24,4,-167.254,5.2,27.0,-1.0,29.3,213.0,3
147,BossLose,Timeout,90.0,BossRangedZoner,PlayerMeleeBurst,PlayerHybridSurvivor,322,1604,0.36,0.00,0.39,4,18,7,4,-2.084,2.2,-1.0,32.2,-1.0,540.8,3
148,BossLose,Timeout,90.0,BossMeleeAggro,PlayerRangedKiter,PlayerCCDebuffer,336,2211,0.12,0.00,0.32,7,21,5,23,-60.948,9.5,61.2,32.5,-1.0,495.0,3
149,BossWin,AllPlayerDeath,65.3,BossTankSustain,PlayerMeleeBurst,PlayerMeleeBurst,400,2176,0.13,0.00,0.00,4,16,17,2,-39.095,1.7,49.1,65.3,49.1,356.0,3
150,BossLose,Timeout,90.0,BossMeleeAggro,PlayerRangedKiter,PlayerHybridSurvivor,200,2228,0.11,0.00,1.00,3,19,10,4,0.867,5.9,-1.0,41.9,-1.0,606.4,3
151,BossLose,Timeout,90.0,BossTankSustain,PlayerHybridSurvivor,PlayerHybridSurvivor,219,1426,0.43,0.00,0.90,0,9,0,8,-64.281,5.7,65.7,21.9,-1.0,429.0,3
152,BossWin,AllPlayerDeath,80.6,BossRangedZoner,PlayerRangedKiter,PlayerRangedKiter,400,2140,0.14,0.00,0.00,4,16,6,22,2.184,2.6,80.6,36.9,80.6,420.0,3
153,BossLose,Timeout,90.0,BossMeleeAggro,PlayerHybridSurvivor,PlayerCCDebuffer,257,1975,0.21,0.00,0.71,9,22,5,23,-2.527,1.5,-1.0,35.6,-1.0,512.4,3
154,BossLose,BossDeath,81.1,BossTankSustain,PlayerRangedKiter,PlayerHybridSurvivor,37,2500,0.00,0.81,1.00,1,19,18,4,-5.526,1.4,-1.0,-1.0,-1.0,486.0,3
155,BossLose,BossDeath,73.7,BossMeleeAggro,PlayerMeleeBurst,PlayerCCDebuffer,200,2500,0.00,0.00,1.00,2,19,5,15,-114.044,4.2,23.4,30.0,-1.0,229.8,3
156,BossLose,BossDeath,47.5,BossRangedZoner,PlayerMeleeBurst,PlayerRangedKiter,33,2500,0.00,0.83,1.00,0,8,14,6,-1.921,14.4,-1.0,-1.0,-1.0,307.8,3
157,BossLose,Timeout,90.0,BossMeleeAggro,PlayerRangedKiter,PlayerHybridSurvivor,228,1911,0.24,0.00,0.86,3,33,5,8,-0.715,6.1,-1.0,39.5,-1.0,594.0,3
158,BossLose,Timeout,90.0,BossTankSustain,PlayerRangedKiter,PlayerHybridSurvivor,200,1637,0.35,0.00,1.00,2,19,12,3,0.403,12.0,-1.0,56.3,-1.0,549.0,3
159,BossLose,Timeout,90.0,BossRangedZoner,PlayerCCDebuffer,PlayerCCDebuffer,200,2262,0.10,0.00,1.00,8,20,10,18,-148.761,5.8,30.8,45.8,-1.0,239.0,3
160,BossLose,Timeout,90.0,BossRangedZoner,PlayerMeleeBurst,PlayerCCDebuffer,274,1639,0.34,0.00,0.63,2,15,3,17,-59.828,15.9,47.7,15.9,-1.0,353.0,3
161,BossLose,Timeout,90.0,BossTankSustain,PlayerRangedKiter,PlayerHybridSurvivor,200,1960,0.22,0.00,1.00,0,16,5,9,-0.510,3.1,-1.0,36.6,-1.0,577.0,3
162,BossLose,Timeout,90.0,BossTankSustain,PlayerRangedKiter,PlayerRangedKiter,200,2037,0.19,0.00,1.00,2,18,16,23,-5.543,6.7,-1.0,62.3,-1.0,472.0,3
163,BossLose,Timeout,90.0,BossMeleeAggro,PlayerCCDebuffer,PlayerRangedKiter,248,2288,0.08,0.00,0.76,7,24,5,20,-94.627,13.4,52.9,30.1,-1.0,399.0,3
164,BossLose,BossDeath,80.9,BossRangedZoner,PlayerHybridSurvivor,PlayerHybridSurvivor,201,2500,0.00,0.05,0.94,3,24,20,0,-5.141,1.7,-1.0,-1.0,-1.0,492.0,3
165,BossLose,Timeout,90.0,BossTankSustain,PlayerCCDebuffer,PlayerHybridSurvivor,200,2241,0.10,0.00,1.00,2,20,14,8,-57.600,3.5,27.9,62.2,-1.0,338.0,3
166,BossLose,Timeout,90.0,BossMeleeAggro,PlayerMeleeBurst,PlayerMeleeBurst,269,2031,0.19,0.00,0.65,7,21,2,11,-3.119,15.0,-1.0,15.0,-1.0,575.0,3
167,BossWin,AllPlayerDeath,46.0,BossRangedZoner,PlayerCCDebuffer,PlayerMeleeBurst,400,1049,0.58,0.00,0.00,5,12,3,5,3.795,4.4,46.0,25.7,46.0,242.8,3
168,BossLose,BossDeath,77.0,BossTankSustain,PlayerRangedKiter,PlayerCCDebuffer,212,2500,0.00,0.00,0.94,2,18,9,16,-36.448,18.8,10.2,41.1,-1.0,274.0,3
169,BossLose,BossDeath,78.0,BossMeleeAggro,PlayerRangedKiter,PlayerCCDebuffer,196,2500,0.00,0.02,1.00,1,22,21,8,-5.608,14.1,-1.0,-1.0,-1.0,433.0,3
170,BossLose,BossDeath,53.3,BossRangedZoner,PlayerRangedKiter,PlayerCCDebuffer,118,2500,0.00,0.41,1.00,1,8,13,15,-4.762,1.9,20.6,-1.0,-1.0,242.0,3
171,BossLose,Timeout,90.0,BossTankSustain,PlayerHybridSurvivor,PlayerHybridSurvivor,311,2092,0.16,0.00,0.45,4,22,3,11,-6.663,2.1,-1.0,23.2,-1.0,456.8,3
172,BossLose,Timeout,90.0,BossRangedZoner,PlayerHybridSurvivor,PlayerCCDebuffer,231,1974,0.21,0.00,0.84,3,20,9,17,-138.254,6.2,29.7,62.3,-1.0,318.0,3
173,BossLose,Timeout,90.0,BossMeleeAggro,PlayerRangedKiter,PlayerHybridSurvivor,356,630,0.75,0.00,0.22,4,33,3,1,-4.540,23.0,-1.0,23.0,-1.0,603.0,3
174,BossLose,BossDeath,71.1,BossMeleeAggro,PlayerHybridSurvivor,PlayerRangedKiter,200,2500,0.00,0.00,1.00,1,21,3,15,-2.647,1.8,-1.0,51.8,-1.0,466.0,3
175,BossLose,Timeout,90.0,BossRangedZoner,PlayerRangedKiter,PlayerMeleeBurst,247,1540,0.38,0.00,0.77,5,16,12,7,-1.998,10.8,-1.0,50.4,-1.0,494.0,3
176,BossWin,AllPlayerDeath,37.5,BossMeleeAggro,PlayerHybridSurvivor,PlayerHybridSurvivor,400,929,0.63,0.00,0.00,6,8,8,1,-55.924,12.3,12.9,37.5,12.9,252.0,3
177,BossLose,Timeout,90.0,BossTankSustain,PlayerRangedKiter,PlayerRangedKiter,200,2075,0.17,0.00,1.00,4,20,11,27,-107.496,2.2,21.4,39.5,-1.0,218.4,3
178,BossLose,BossDeath,55.3,BossMeleeAggro,PlayerMeleeBurst,PlayerCCDebuffer,200,2500,0.00,0.00,1.00,4,19,8,10,-4.213,30.4,-1.0,30.4,-1.0,374.2,3
179,BossWin,AllPlayerDeath,56.1,BossRangedZoner,PlayerMeleeBurst,PlayerCCDebuffer,400,1742,0.30,0.00,0.00,4,11,10,4,4.563,5.8,56.1,45.8,56.1,292.0,3
180,BossLose,Timeout,90.0,BossTankSustain,PlayerHybridSurvivor,PlayerHybridSurvivor,235,1564,0.37,0.00,0.82,1,21,4,8,-3.030,2.1,-1.0,46.8,-1.0,585.4,3
181,BossLose,Timeout,90.0,BossRangedZoner,PlayerHybridSurvivor,PlayerHybridSurvivor,298,500,0.80,0.00,0.51,5,26,4,0,-0.875,11.8,-1.0,35.6,-1.0,564.0,3
182,BossLose,Timeout,90.0,BossMeleeAggro,PlayerMeleeBurst,PlayerCCDebuffer,290,2313,0.07,0.00,0.55,3,24,8,14,-2.490,3.3,-1.0,45.8,-1.0,585.0,3
183,BossLose,Timeout,90.0,BossMeleeAggro,PlayerRangedKiter,PlayerMeleeBurst,268,1335,0.47,0.00,0.66,8,31,7,4,-38.892,5.8,70.1,40.1,-1.0,496.0,3
184,BossLose,Timeout,90.0,BossTankSustain,PlayerRangedKiter,PlayerHybridSurvivor,46,1508,0.40,0.79,0.98,0,17,19,0,1.225,15.7,-1.0,-1.0,-1.0,634.0,3
185,BossLose,Timeout,90.0,BossMeleeAggro,PlayerHybridSurvivor,PlayerHybridSurvivor,287,393,0.84,0.00,0.57,9,29,1,2,3.053,5.6,-1.0,20.6,-1.0,606.0,3
186,BossLose,Timeout,90.0,BossTankSustain,PlayerHybridSurvivor,PlayerHybridSurvivor,303,1517,0.39,0.00,0.48,3,19,3,7,-82.474,13.6,55.9,21.4,-1.0,347.6,3
187,BossLose,BossDeath,79.6,BossRangedZoner,PlayerRangedKiter,PlayerMeleeBurst,247,2500,0.00,0.00,0.76,2,18,17,11,-2.032,1.7,-1.0,73.1,-1.0,504.0,3
188,BossLose,Timeout,90.0,BossTankSustain,PlayerRangedKiter,PlayerMeleeBurst,272,2059,0.18,0.00,0.64,3,22,1,12,-3.205,8.1,-1.0,8.1,-1.0,549.4,3
189,BossLose,Timeout,90.0,BossMeleeAggro,PlayerRangedKiter,PlayerMeleeBurst,343,1772,0.29,0.00,0.29,6,32,3,9,-12.808,4.1,82.3,27.4,-1.0,448.0,3
190,BossWin,AllPlayerDeath,87.9,BossMeleeAggro,PlayerMeleeBurst,PlayerHybridSurvivor,400,1445,0.42,0.00,0.00,9,21,3,6,4.178,12.7,87.9,26.0,87.9,573.0,3
191,BossLose,BossDeath,46.4,BossMeleeAggro,PlayerCCDebuffer,PlayerRangedKiter,139,2500,0.00,0.71,0.60,2,11,12,11,-5.505,9.7,-1.0,-1.0,-1.0,226.0,3
192,BossLose,Timeout,90.0,BossRangedZoner,PlayerMeleeBurst,PlayerCCDebuffer,283,1679,0.33,0.00,0.58,7,19,15,10,-0.203,13.3,-1.0,60.4,-1.0,580.2,3
193,BossLose,BossDeath,88.3,BossTankSustain,PlayerHybridSurvivor,PlayerCCDebuffer,200,2500,0.00,0.00,1.00,2,20,9,14,-2.929,13.1,-1.0,64.8,-1.0,544.0,3
194,BossWin,AllPlayerDeath,38.6,BossMeleeAggro,PlayerMeleeBurst,PlayerHybridSurvivor,400,832,0.67,0.00,0.00,5,6,4,2,5.524,7.7,38.6,30.5,38.6,221.0,3
195,BossLose,BossDeath,71.5,BossRangedZoner,PlayerRangedKiter,PlayerRangedKiter,264,2500,0.00,0.00,0.68,6,18,4,17,-1.584,7.2,-1.0,20.5,-1.0,348.0,3
196,BossLose,BossDeath,88.0,BossTankSustain,PlayerHybridSurvivor,PlayerCCDebuffer,57,2500,0.00,0.76,0.95,0,13,7,23,-3.285,5.7,-1.0,-1.0,-1.0,488.4,3
197,BossLose,BossDeath,56.1,BossRangedZoner,PlayerMeleeBurst,PlayerMeleeBurst,0,2500,0.00,1.00,1.00,0,15,8,7,-98.458,1.7,14.9,-1.0,-1.0,192.0,3
198,BossWin,AllPlayerDeath,20.6,BossMeleeAggro,PlayerCCDebuffer,PlayerHybridSurvivor,400,165,0.93,0.00,0.00,3,3,4,0,3.278,20.6,10.3,20.6,10.3,150.0,2
199,BossLose,Timeout,90.0,BossRangedZoner,PlayerRangedKiter,PlayerRangedKiter,257,1893,0.24,0.00,0.71,2,19,5,14,-1.779,2.4,-1.0,28.4,-1.0,556.4,3
200,BossLose,Timeout,90.0,BossTankSustain,PlayerHybridSurvivor,PlayerRangedKiter,200,2111,0.16,0.00,1.00,3,23,4,18,-77.311,8.5,59.5,31.9,-1.0,487.6,3
201,BossWin,AllPlayerDeath,38.1,BossMeleeAggro,PlayerMeleeBurst,PlayerMeleeBurst,400,884,0.65,0.00,0.00,5,10,7,1,-44.302,12.9,0.3,38.1,0.3,247.0,3
202,BossLose,Timeout,90.0,BossTankSustain,PlayerHybridSurvivor,PlayerCCDebuffer,200,2254,0.10,0.00,1.00,1,15,3,20,-57.033,23.2,58.6,23.2,-1.0,433.0,3
203,BossLose,BossDeath,76.7,BossMeleeAggro,PlayerHybridSurvivor,PlayerRangedKiter,222,2500,0.00,0.00,0.89,2,19,4,18,-2.612,1.8,-1.0,47.0,-1.0,506.0,3
204,BossLose,Timeout,90.0,BossMeleeAggro,PlayerCCDebuffer,PlayerMeleeBurst,200,2324,0.07,0.00,1.00,2,22,13,10,-1.238,1.7,-1.0,71.7,-1.0,559.0,3
205,BossLose,BossDeath,81.7,BossMeleeAggro,PlayerRangedKiter,PlayerHybridSurvivor,302,2500,0.00,0.00,0.49,3,26,16,8,-40.979,4.7,62.9,67.3,-1.0,356.0,3
206,BossWin,AllPlayerDeath,78.4,BossTankSustain,PlayerCCDebuffer,PlayerCCDebuffer,400,2019,0.19,0.00,0.00,6,17,18,5,-121.573,4.1,30.1,78.4,30.1,353.0,3
207,BossLose,Timeout,90.0,BossMeleeAggro,PlayerRangedKiter,PlayerHybridSurvivor,228,1058,0.58,0.00,0.86,5,17,5,3,-63.368,30.2,64.0,30.2,-1.0,505.0,3
208,BossLose,BossDeath,66.1,BossTankSustain,PlayerMeleeBurst,PlayerRangedKiter,154,2500,0.00,0.51,0.72,1,16,12,13,-3.712,1.9,-1.0,-1.0,-1.0,411.8,3
209,BossLose,BossDeath,64.0,BossMeleeAggro,PlayerHybridSurvivor,PlayerCCDebuffer,200,2500,0.00,0.00,1.00,2,13,7,14,-4.753,1.9,-1.0,46.0,-1.0,323.0,3
210,BossLose,Timeout,90.0,BossTankSustain,PlayerRangedKiter,PlayerMeleeBurst,200,1429,0.43,0.00,1.00,0,12,8,6,-4.577,32.3,-1.0,32.3,-1.0,579.6,3
211,BossWin,AllPlayerDeath,62.6,BossTankSustain,PlayerMeleeBurst,PlayerCCDebuffer,400,1573,0.37,0.00,0.00,5,14,8,7,3.441,6.9,62.6,32.6,62.6,365.0,3
212,BossLose,BossDeath,71.5,BossMeleeAggro,PlayerHybridSurvivor,PlayerMeleeBurst,293,2500,0.00,0.00,0.54,5,16,6,9,-3.582,4.6,-1.0,50.3,-1.0,342.4,3
213,BossWin,AllPlayerDeath,42.5,BossMeleeAggro,PlayerCCDebuffer,PlayerCCDebuffer,400,1314,0.47,0.00,0.00,4,13,12,2,-62.828,2.2,16.5,42.5,16.5,274.0,3
214,BossLose,Timeout,90.0,BossRangedZoner,PlayerHybridSurvivor,PlayerRangedKiter,321,1487,0.41,0.00,0.39,5,15,1,17,-57.656,35.5,68.6,35.5,-1.0,505.0,3
215,BossWin,AllPlayerDeath,56.6,BossRangedZoner,PlayerMeleeBurst,PlayerCCDebuffer,400,1933,0.23,0.00,0.00,6,16,4,13,2.020,1.5,56.6,25.2,56.6,352.0,3
216,BossLose,BossDeath,88.2,BossTankSustain,PlayerRangedKiter,PlayerCCDebuffer,200,2500,0.00,0.00,1.00,2,27,3,21,-104.474,4.6,16.4,25.1,-1.0,188.0,3
217,BossLose,Timeout,90.0,BossMeleeAggro,PlayerCCDebuffer,PlayerMeleeBurst,285,2412,0.04,0.00,0.58,6,26,9,9,-5.196,1.9,-1.0,55.2,-1.0,497.0,3
218,BossWin,AllPlayerDeath,39.6,BossMeleeAggro,PlayerHybridSurvivor,PlayerHybridSurvivor,400,795,0.68,0.00,0.00,5,12,5,0,-38.621,13.2,18.3,39.6,18.3,216.0,3
219,BossLose,Timeout,90.0,BossMeleeAggro,PlayerMeleeBurst,PlayerRangedKiter,297,1779,0.29,0.00,0.51,1,28,1,18,-3.182,1.5,-1.0,21.8,-1.0,545.4,3
220,BossWin,AllPlayerDeath,81.4,BossMeleeAggro,PlayerMeleeBurst,PlayerHybridSurvivor,400,961,0.62,0.00,0.00,7,18,4,5,0.502,1.9,81.4,20.1,81.4,481.0,3
221,BossLose,Timeout,90.0,BossMeleeAggro,PlayerHybridSurvivor,PlayerCCDebuffer,334,1438,0.42,0.00,0.33,5,20,1,22,-3.264,8.9,-1.0,19.9,-1.0,533.4,3
222,BossLose,Timeout,90.0,BossRangedZoner,PlayerMeleeBurst,PlayerHybridSurvivor,307,2277,0.09,0.00,0.47,7,24,5,8,-61.520,5.1,64.1,30.3,-1.0,412.0,3
223,BossLose,BossDeath,63.2,BossTankSustain,PlayerHybridSurvivor,PlayerMeleeBurst,83,2500,0.00,0.60,0.98,1,12,13,8,-45.728,7.4,34.8,-1.0,-1.0,357.0,3
224,BossWin,AllPlayerDeath,76.7,BossRangedZoner,PlayerMeleeBurst,PlayerMeleeBurst,400,1663,0.33,0.00,0.00,7,15,7,8,5.005,5.2,76.7,46.1,76.7,448.0,3
225,BossLose,BossDeath,72.8,BossRangedZoner,PlayerRangedKiter,PlayerMeleeBurst,172,2500,0.00,0.14,1.00,0,16,19,8,-3.111,3.5,-1.0,-1.0,-1.0,416.0,3
226,BossLose,BossDeath,80.2,BossRangedZoner,PlayerMeleeBurst,PlayerRangedKiter,285,2500,0.00,0.00,0.57,1,19,8,20,-8.152,2.2,-1.0,31.6,-1.0,262.0,3
227,BossWin,AllPlayerDeath,80.4,BossMeleeAggro,PlayerHybridSurvivor,PlayerMeleeBurst,400,1691,0.32,0.00,0.00,5,24,5,9,3.324,1.2,80.4,40.1,80.4,497.0,3
228,BossWin,AllPlayerDeath,25.1,BossRangedZoner,PlayerRangedKiter,PlayerCCDebuffer,400,401,0.84,0.00,0.00,4,6,4,2,-16.293,3.0,16.6,25.1,16.6,149.0,2
229,BossWin,AllPlayerDeath,36.8,BossMeleeAggro,PlayerRangedKiter,PlayerRangedKiter,400,1436,0.43,0.00,0.00,2,11,7,5,-13.902,1.9,29.8,30.7,36.8,217.0,3
230,BossWin,AllPlayerDeath,31.7,BossMeleeAggro,PlayerHybridSurvivor,PlayerHybridSurvivor,400,553,0.78,0.00,0.00,4,10,2,2,2.018,3.3,30.4,31.7,30.4,238.0,3
231,BossWin,AllPlayerDeath,72.3,BossMeleeAggro,PlayerHybridSurvivor,PlayerRangedKiter,400,1155,0.54,0.00,0.00,9,16,3,13,1.662,14.1,71.9,30.2,72.3,376.0,3
232,BossWin,AllPlayerDeath,41.4,BossMeleeAggro,PlayerCCDebuffer,PlayerCCDebuffer,400,810,0.68,0.00,0.00,3,8,7,4,0.744,3.3,40.1,41.4,40.1,293.0,3
233,BossWin,AllPlayerDeath,38.3,BossRangedZoner,PlayerMeleeBurst,PlayerMeleeBurst,400,925,0.63,0.00,0.00,3,10,6,4,1.213,25.2,38.3,25.2,38.3,250.0,3
234,BossLose,BossDeath,61.7,BossRangedZoner,PlayerMeleeBurst,PlayerRangedKiter,200,2500,0.00,0.00,1.00,3,17,10,15,-1.172,3.6,-1.0,50.3,-1.0,363.0,3
235,BossWin,AllPlayerDeath,60.7,BossRangedZoner,PlayerCCDebuffer,PlayerHybridSurvivor,400,800,0.68,0.00,0.00,5,17,4,5,4.196,15.1,60.7,18.1,60.7,345.8,3
236,BossLose,BossDeath,57.0,BossTankSustain,PlayerMeleeBurst,PlayerMeleeBurst,393,2500,0.00,0.03,0.00,2,14,17,2,-88.115,4.3,20.3,-1.0,21.0,362.4,3
237,BossWin,AllPlayerDeath,86.3,BossRangedZoner,PlayerMeleeBurst,PlayerCCDebuffer,400,1689,0.32,0.00,0.00,6,16,4,17,-3.158,20.3,86.3,20.3,86.3,470.4,3
238,BossLose,Timeout,90.0,BossRangedZoner,PlayerRangedKiter,PlayerMeleeBurst,299,1319,0.47,0.00,0.51,8,27,3,6,2.882,9.8,-1.0,25.1,-1.0,588.0,3
239,BossWin,AllPlayerDeath,80.3,BossMeleeAggro,PlayerCCDebuffer,PlayerHybridSurvivor,400,1069,0.57,0.00,0.00,8,17,3,5,3.455,2.9,80.3,20.0,80.3,538.0,3
240,BossWin,AllPlayerDeath,39.5,BossMeleeAggro,PlayerHybridSurvivor,PlayerCCDebuffer,400,837,0.67,0.00,0.00,5,9,5,1,-72.434,3.3,8.1,39.5,8.1,252.0,3
241,BossLose,Timeout,90.0,BossMeleeAggro,PlayerHybridSurvivor,PlayerMeleeBurst,368,786,0.69,0.00,0.16,7,27,2,4,2.281,5.7,-1.0,30.3,-1.0,611.0,3
242,BossLose,Timeout,90.0,BossRangedZoner,PlayerRangedKiter,PlayerMeleeBurst,208,1481,0.41,0.00,0.96,4,27,9,4,-151.720,5.4,18.5,45.8,-1.0,251.0,3
243,BossLose,Timeout,90.0,BossMeleeAggro,PlayerRangedKiter,PlayerHybridSurvivor,200,1803,0.28,0.00,1.00,2,24,2,10,-4.167,1.2,-1.0,16.6,-1.0,549.8,3
244,BossWin,AllPlayerDeath,50.1,BossRangedZoner,PlayerRangedKiter,PlayerMeleeBurst,400,818,0.67,0.00,0.00,2,7,4,7,0.740,22.4,50.1,22.4,50.1,314.0,3
245,BossLose,BossDeath,70.3,BossTankSustain,PlayerCCDebuffer,PlayerRangedKiter,252,2500,0.00,0.38,0.36,2,17,17,14,-8.070,34.9,-1.0,-1.0,-1.0,314.0,3
246,BossLose,Timeout,90.0,BossTankSustain,PlayerRangedKiter,PlayerHybridSurvivor,200,814,0.67,0.00,1.00,2,9,4,6,-4.863,31.0,-1.0,31.0,-1.0,600.2,3
247,BossWin,AllPlayerDeath,77.0,BossMeleeAggro,PlayerCCDebuffer,PlayerMeleeBurst,400,895,0.64,0.00,0.00,6,25,1,7,1.180,5.3,77.0,10.1,77.0,436.0,3
248,BossWin,AllPlayerDeath,55.3,BossMeleeAggro,PlayerHybridSurvivor,PlayerCCDebuffer,400,1044,0.58,0.00,0.00,5,9,2,9,1.957,2.4,55.3,26.3,55.3,302.0,3
249,BossWin,AllPlayerDeath,47.6,BossTankSustain,PlayerMeleeBurst,PlayerMeleeBurst,400,871,0.65,0.00,0.00,4,13,1,5,-0.116,0.1,47.6,0.1,47.6,246.0,3
250,BossLose,Timeout,90.0,BossTankSustain,PlayerRangedKiter,PlayerHybridSurvivor,118,2354,0.06,0.41,1.00,1,20,23,0,-1.954,6.0,-1.0,-1.0,-1.0,602.4,3
251,BossLose,Timeout,90.0,BossRangedZoner,PlayerHybridSurvivor,PlayerCCDebuffer,258,1604,0.36,0.00,0.71,9,17,5,14,-3.434,3.0,-1.0,30.2,-1.0,460.6,3
252,BossLose,BossDeath,72.8,BossTankSustain,PlayerRangedKiter,PlayerMeleeBurst,78,2500,0.00,0.61,1.00,1,13,18,7,-5.567,3.1,-1.0,-1.0,-1.0,364.0,3
253,BossLose,BossDeath,52.8,BossTankSustain,PlayerCCDebuffer,PlayerRangedKiter,18,2500,0.00,0.91,1.00,0,12,10,14,0.985,5.6,-1.0,-1.0,-1.0,306.0,3
254,BossLose,BossDeath,88.8,BossTankSustain,PlayerMeleeBurst,PlayerHybridSurvivor,143,2500,0.00,0.66,0.62,2,12,19,1,-3.703,7.4,-1.0,-1.0,-1.0,570.4,3
255,BossLose,BossDeath,66.3,BossRangedZoner,PlayerMeleeBurst,PlayerMeleeBurst,192,2500,0.00,0.04,1.00,3,16,18,3,-4.477,14.5,-1.0,-1.0,-1.0,436.0,3
256,BossLose,Timeout,90.0,BossRangedZoner,PlayerMeleeBurst,PlayerCCDebuffer,293,2274,0.09,0.00,0.54,8,19,3,20,-5.614,20.2,-1.0,20.2,-1.0,445.0,3
257,BossLose,Timeout,90.0,BossTankSustain,PlayerHybridSurvivor,PlayerHybridSurvivor,201,1082,0.57,0.19,0.80,3,19,6,3,-102.783,6.2,38.3,-1.0,-1.0,481.0,3
258,BossLose,Timeout,90.0,BossMeleeAggro,PlayerCCDebuffer,PlayerHybridSurvivor,312,1381,0.45,0.00,0.44,3,19,19,3,-43.197,6.5,59.0,78.6,-1.0,497.0,3
259,BossLose,Timeout,90.0,BossTankSustain,PlayerCCDebuffer,PlayerMeleeBurst,200,2338,0.06,0.00,1.00,1,19,21,2,-2.884,3.6,-1.0,82.3,-1.0,438.6,3
260,BossLose,BossDeath,58.2,BossTankSustain,PlayerRangedKiter,PlayerCCDebuffer,345,2500,0.00,0.27,0.00,3,13,14,13,-5.579,8.2,56.8,-1.0,56.8,292.0,3
261,BossLose,Timeout,90.0,BossRangedZoner,PlayerHybridSurvivor,PlayerHybridSurvivor,228,1656,0.34,0.00,0.86,4,16,5,7,-27.178,2.0,75.7,60.2,-1.0,465.0,3
262,BossLose,Timeout,90.0,BossTankSustain,PlayerRangedKiter,PlayerHybridSurvivor,251,294,0.88,0.00,0.75,3,17,1,4,29.010,9.0,22.4,9.0,-1.0,235.0,3
263,BossLose,Timeout,90.0,BossMeleeAggro,PlayerRangedKiter,PlayerMeleeBurst,374,1849,0.26,0.00,0.13,8,30,4,8,-0.130,5.3,-1.0,20.0,-1.0,560.0,3
264,BossLose,Timeout,90.0,BossMeleeAggro,PlayerHybridSurvivor,PlayerMeleeBurst,200,1862,0.26,0.00,1.00,6,29,2,10,-107.105,2.0,48.0,10.5,-1.0,428.8,3
265,BossLose,BossDeath,81.4,BossRangedZoner,PlayerHybridSurvivor,PlayerMeleeBurst,214,2500,0.00,0.00,0.93,6,22,4,10,-1.732,16.0,-1.0,20.6,-1.0,497.6,3
266,BossLose,Timeout,90.0,BossTankSustain,PlayerHybridSurvivor,PlayerHybridSurvivor,200,1470,0.41,0.00,1.00,2,18,7,4,1.524,6.0,-1.0,40.1,-1.0,637.0,3
267,BossLose,BossDeath,49.6,BossMeleeAggro,PlayerHybridSurvivor,PlayerRangedKiter,83,2500,0.00,0.58,1.00,1,9,11,9,-0.792,14.7,-1.0,-1.0,-1.0,313.0,3
268,BossLose,BossDeath,85.6,BossMeleeAggro,PlayerMeleeBurst,PlayerCCDebuffer,272,2500,0.00,0.00,0.64,4,27,8,15,-36.935,5.6,59.4,37.1,-1.0,347.0,3
269,BossLose,Timeout,90.0,BossMeleeAggro,PlayerHybridSurvivor,PlayerRangedKiter,301,2461,0.02,0.00,0.49,9,19,2,24,-1.260,3.9,-1.0,26.0,-1.0,501.8,3
270,BossWin,AllPlayerDeath,23.8,BossMeleeAggro,PlayerMeleeBurst,PlayerCCDebuffer,400,539,0.78,0.00,0.00,4,5,1,3,3.382,10.3,23.8,10.3,23.8,156.0,2
271,BossLose,Timeout,90.0,BossMeleeAggro,PlayerRangedKiter,PlayerCCDebuffer,311,1603,0.36,0.00,0.44,9,28,2,19,-5.692,15.2,-1.0,15.2,-1.0,532.0,3
272,BossWin,AllPlayerDeath,78.4,BossMeleeAggro,PlayerHybridSurvivor,PlayerHybridSurvivor,400,1372,0.45,0.00,0.00,6,24,2,9,1.407,7.7,78.4,16.8,78.4,477.0,3
273,BossLose,Timeout,90.0,BossRangedZoner,PlayerHybridSurvivor,PlayerHybridSurvivor,212,791,0.68,0.00,0.94,5,25,3,3,-0.507,8.1,-1.0,20.5,-1.0,617.4,3
274,BossLose,BossDeath,67.7,BossTankSustain,PlayerMeleeBurst,PlayerHybridSurvivor,141,2500,0.00,0.30,1.00,2,13,19,0,-4.985,3.4,-1.0,-1.0,-1.0,466.8,3
275,BossLose,BossDeath,61.9,BossRangedZoner,PlayerCCDebuffer,PlayerRangedKiter,345,2500,0.00,0.00,0.28,5,17,8,16,-2.318,14.5,-1.0,40.2,-1.0,331.0,3
276,BossLose,Timeout,90.0,BossMeleeAggro,PlayerHybridSurvivor,PlayerMeleeBurst,221,603,0.76,0.00,0.90,5,32,1,4,-12.979,15.2,79.1,15.2,-1.0,644.6,3
277,BossLose,Timeout,90.0,BossTankSustain,PlayerCCDebuffer,PlayerCCDebuffer,200,1569,0.37,0.00,1.00,0,27,4,14,-52.021,21.4,45.3,21.4,-1.0,392.0,3
278,BossLose,Timeout,90.0,BossTankSustain,PlayerHybridSurvivor,PlayerRangedKiter,306,2015,0.19,0.00,0.47,3,19,6,9,-7.047,11.4,86.1,48.8,-1.0,535.0,3
279,BossLose,Timeout,90.0,BossRangedZoner,PlayerCCDebuffer,PlayerHybridSurvivor,271,1327,0.47,0.00,0.64,6,24,5,8,-0.874,4.0,-1.0,35.3,-1.0,552.0,3
280,BossLose,BossDeath,73.1,BossTankSustain,PlayerCCDebuffer,PlayerCCDebuffer,45,2500,0.00,0.77,1.00,1,20,17,7,-0.490,8.0,-1.0,-1.0,-1.0,492.4,3
281,BossLose,Timeout,90.0,BossMeleeAggro,PlayerCCDebuffer,PlayerCCDebuffer,295,1998,0.20,0.00,0.53,3,26,1,22,-60.590,0.4,67.9,0.4,-1.0,505.0,3
282,BossLose,BossDeath,80.1,BossRangedZoner,PlayerMeleeBurst,PlayerCCDebuffer,268,2500,0.00,0.00,0.66,2,23,8,16,-0.905,16.9,-1.0,46.1,-1.0,444.0,3
283,BossLose,Timeout,90.0,BossTankSustain,PlayerRangedKiter,PlayerHybridSurvivor,250,438,0.82,0.00,0.75,2,17,5,3,-18.727,15.6,70.0,46.4,-1.0,631.0,3
284,BossWin,AllPlayerDeath,40.3,BossRangedZoner,PlayerRangedKiter,PlayerCCDebuffer,400,1134,0.55,0.00,0.00,4,6,8,2,-38.745,22.2,23.4,40.3,23.4,253.0,3
285,BossLose,BossDeath,65.7,BossRangedZoner,PlayerMeleeBurst,PlayerRangedKiter,215,2500,0.00,0.00,0.92,0,11,12,11,0.300,7.6,65.3,51.2,-1.0,432.0,3
286,BossLose,Timeout,90.0,BossTankSustain,PlayerHybridSurvivor,PlayerCCDebuffer,200,1025,0.59,0.00,1.00,4,19,1,14,-1.766,2.3,-1.0,38.2,-1.0,612.8,3
287,BossLose,BossDeath,76.5,BossTankSustain,PlayerRangedKiter,PlayerRangedKiter,329,2500,0.00,0.00,0.36,1,16,7,20,-7.835,18.9,10.5,30.2,-1.0,238.0,3
288,BossLose,Timeout,90.0,BossTankSustain,PlayerRangedKiter,PlayerCCDebuffer,286,1775,0.29,0.00,0.57,3,19,12,12,-1.436,1.2,-1.0,62.7,-1.0,640.8,3
289,BossWin,AllPlayerDeath,31.3,BossRangedZoner,PlayerHybridSurvivor,PlayerMeleeBurst,400,444,0.82,0.00,0.00,5,8,1,2,5.953,3.9,31.3,20.4,31.3,231.0,3
290,BossWin,AllPlayerDeath,40.3,BossMeleeAggro,PlayerMeleeBurst,PlayerRangedKiter,400,837,0.67,0.00,0.00,4,10,2,7,1.137,13.1,40.3,13.1,40.3,282.0,3
291,BossWin,AllPlayerDeath,41.2,BossTankSustain,PlayerRangedKiter,PlayerHybridSurvivor,400,1367,0.45,0.00,0.00,4,10,11,2,-66.759,4.4,8.4,41.2,8.4,226.0,3
292,BossLose,Timeout,90.0,BossMeleeAggro,PlayerMeleeBurst,PlayerMeleeBurst,205,1804,0.28,0.00,0.97,2,24,11,7,-130.863,4.1,37.5,51.9,-1.0,383.4,3
293,BossWin,AllPlayerDeath,25.9,BossRangedZoner,PlayerHybridSurvivor,PlayerRangedKiter,400,1039,0.58,0.00,0.00,5,6,5,4,-17.549,5.0,16.1,25.9,16.1,162.0,2
294,BossWin,AllPlayerDeath,54.0,BossMeleeAggro,PlayerRangedKiter,PlayerHybridSurvivor,400,1448,0.42,0.00,0.00,3,11,12,2,-43.666,4.2,28.3,54.0,28.3,332.0,3
295,BossLose,Timeout,90.0,BossTankSustain,PlayerMeleeBurst,PlayerCCDebuffer,225,1425,0.43,0.00,0.87,3,23,6,9,-6.845,30.1,-1.0,30.1,-1.0,645.4,3
296,BossWin,AllPlayerDeath,89.3,BossTankSustain,PlayerHybridSurvivor,PlayerCCDebuffer,400,1279,0.49,0.00,0.00,5,27,3,12,1.122,2.2,89.3,33.0,89.3,611.0,3
297,BossLose,Timeout,90.0,BossMeleeAggro,PlayerHybridSurvivor,PlayerRangedKiter,289,1966,0.21,0.00,0.56,3,22,2,20,-2.072,4.7,-1.0,36.1,-1.0,529.4,3
298,BossLose,Timeout,90.0,BossTankSustain,PlayerHybridSurvivor,PlayerRangedKiter,238,2336,0.07,0.00,0.81,2,22,4,14,-2.878,7.1,-1.0,47.0,-1.0,552.6,3
299,BossLose,Timeout,90.0,BossMeleeAggro,PlayerHybridSurvivor,PlayerHybridSurvivor,286,1707,0.32,0.00,0.57,6,22,5,6,-1.664,2.0,-1.0,37.3,-1.0,600.0,3
300,BossLose,BossDeath,54.6,BossTankSustain,PlayerMeleeBurst,PlayerRangedKiter,57,2500,0.00,0.72,1.00,1,9,12,11,0.317,4.8,-1.0,-1.0,-1.0,375.0,3
301,BossWin,AllPlayerDeath,25.1,BossMeleeAggro,PlayerHybridSurvivor,PlayerMeleeBurst,400,950,0.62,0.00,0.00,3,7,3,2,-18.754,3.2,15.1,25.1,15.1,171.8,2
302,BossLose,BossDeath,63.9,BossTankSustain,PlayerHybridSurvivor,PlayerMeleeBurst,301,2500,0.00,0.08,0.42,1,12,12,5,-4.503,1.4,-1.0,-1.0,-1.0,334.6,3
303,BossLose,Timeout,90.0,BossMeleeAggro,PlayerRangedKiter,PlayerHybridSurvivor,200,338,0.86,0.00,1.00,10,17,2,1,-187.083,2.5,15.3,20.6,-1.0,184.0,3
304,BossLose,Timeout,90.0,BossTankSustain,PlayerCCDebuffer,PlayerMeleeBurst,201,680,0.73,0.00,1.00,1,17,3,4,-10.040,16.2,67.4,16.4,-1.0,558.0,3
305,BossLose,BossDeath,79.3,BossRangedZoner,PlayerHybridSurvivor,PlayerMeleeBurst,149,2500,0.00,0.26,1.00,1,18,17,4,-1.906,3.3,-1.0,-1.0,-1.0,499.0,3
306,BossLose,BossDeath,67.5,BossTankSustain,PlayerMeleeBurst,PlayerRangedKiter,261,2500,0.00,0.00,0.70,2,15,9,14,-2.614,14.2,-1.0,36.0,-1.0,419.0,3
307,BossLose,Timeout,90.0,BossRangedZoner,PlayerRangedKiter,PlayerHybridSurvivor,294,1630,0.35,0.00,0.53,9,26,4,8,-157.673,1.6,28.8,20.5,-1.0,252.0,3
308,BossWin,AllPlayerDeath,48.7,BossRangedZoner,PlayerCCDebuffer,PlayerMeleeBurst,400,1025,0.59,0.00,0.00,4,10,3,4,0.294,15.2,48.7,15.2,48.7,351.0,3
309,BossLose,BossDeath,78.7,BossTankSustain,PlayerHybridSurvivor,PlayerMeleeBurst,107,2500,0.00,0.46,1.00,2,16,10,6,-3.432,2.0,-1.0,-1.0,-1.0,607.4,3
310,BossWin,AllPlayerDeath,50.3,BossMeleeAggro,PlayerRangedKiter,PlayerHybridSurvivor,400,848,0.66,0.00,0.00,4,17,2,3,-0.216,1.8,50.3,12.1,50.3,282.0,3
311,BossLose,BossDeath,72.1,BossTankSustain,PlayerCCDebuffer,PlayerHybridSurvivor,351,2500,0.00,0.00,0.24,3,15,14,10,1.254,6.7,-1.0,71.2,-1.0,406.0,3
312,BossLose,BossDeath,48.0,BossMeleeAggro,PlayerMeleeBurst,PlayerMeleeBurst,142,2500,0.00,0.82,0.47,2,9,12,5,2.507,14.5,-1.0,-1.0,-1.0,325.0,3
313,BossLose,Timeout,90.0,BossRangedZoner,PlayerMeleeBurst,PlayerCCDebuffer,204,1646,0.34,0.00,0.98,5,20,4,14,-73.001,7.3,61.2,20.3,-1.0,515.8,3
314,BossLose,Timeout,90.0,BossMeleeAggro,PlayerCCDebuffer,PlayerCCDebuffer,374,853,0.66,0.00,0.13,6,18,3,8,-3.536,15.1,-1.0,15.1,-1.0,622.0,3
315,BossLose,Timeout,90.0,BossTankSustain,PlayerHybridSurvivor,PlayerHybridSurvivor,307,891,0.64,0.00,0.46,2,27,5,0,-119.276,4.8,8.9,47.6,-1.0,172.0,3
316,BossLose,BossDeath,83.6,BossTankSustain,PlayerRangedKiter,PlayerHybridSurvivor,46,2500,0.00,0.84,0.93,2,17,22,2,-3.343,2.2,-1.0,-1.0,-1.0,468.0,3
317,BossLose,Timeout,90.0,BossRangedZoner,PlayerRangedKiter,PlayerRangedKiter,265,2096,0.16,0.00,0.68,5,19,10,13,-0.624,19.8,-1.0,35.8,-1.0,584.6,3
318,BossLose,Timeout,90.0,BossMeleeAggro,PlayerHybridSurvivor,PlayerMeleeBurst,161,1373,0.45,0.74,0.45,3,21,11,2,-0.698,2.0,-1.0,-1.0,-1.0,657.8,3
319,BossLose,BossDeath,63.6,BossMeleeAggro,PlayerMeleeBurst,PlayerRangedKiter,167,2500,0.00,0.16,1.00,1,22,15,8,-5.321,1.9,-1.0,-1.0,-1.0,397.0,3
320,BossWin,AllPlayerDeath,12.3,BossMeleeAggro,PlayerMeleeBurst,PlayerCCDebuffer,400,339,0.86,0.00,0.00,3,3,2,1,3.694,12.0,10.3,12.3,10.3,93.8,1
321,BossWin,AllPlayerDeath,51.2,BossMeleeAggro,PlayerRangedKiter,PlayerMeleeBurst,400,480,0.81,0.00,0.00,4,10,3,3,6.202,7.4,51.2,20.4,51.2,356.0,3
322,BossLose,Timeout,90.0,BossTankSustain,PlayerHybridSurvivor,PlayerCCDebuffer,299,1790,0.28,0.26,0.24,0,11,5,14,-2.645,2.5,-1.0,-1.0,-1.0,584.0,3
323,BossLose,Timeout,90.0,BossMeleeAggro,PlayerRangedKiter,PlayerRangedKiter,302,2177,0.13,0.00,0.49,5,19,6,18,-0.052,5.9,-1.0,36.8,-1.0,530.0,3
324,BossLose,Timeout,90.0,BossTankSustain,PlayerRangedKiter,PlayerRangedKiter,251,1213,0.51,0.00,0.74,3,18,3,15,-11.869,16.4,84.4,16.4,-1.0,575.0,3
325,BossLose,Timeout,90.0,BossMeleeAggro,PlayerHybridSurvivor,PlayerRangedKiter,200,2103,0.16,0.00,1.00,3,20,8,13,-2.789,3.4,-1.0,62.8,-1.0,634.0,3
326,BossWin,AllPlayerDeath,42.6,BossMeleeAggro,PlayerMeleeBurst,PlayerRangedKiter,400,1147,0.54,0.00,0.00,4,13,3,9,6.688,7.3,42.6,36.5,42.6,290.0,3
327,BossWin,AllPlayerDeath,41.5,BossRangedZoner,PlayerHybridSurvivor,PlayerMeleeBurst,400,1058,0.58,0.00,0.00,5,7,3,3,5.563,2.7,41.5,21.2,41.5,306.0,3
328,BossWin,AllPlayerDeath,40.6,BossRangedZoner,PlayerRangedKiter,PlayerRangedKiter,400,1103,0.56,0.00,0.00,4,10,4,8,3.257,2.7,40.6,40.2,40.6,225.0,3
329,BossWin,AllPlayerDeath,73.1,BossTankSustain,PlayerRangedKiter,PlayerHybridSurvivor,400,1453,0.42,0.00,0.00,3,23,6,6,-3.981,1.7,73.1,43.3,73.1,371.0,3
330,BossLose,Timeout,90.0,BossTankSustain,PlayerRangedKiter,PlayerRangedKiter,331,1735,0.31,0.00,0.35,3,20,1,21,-14.161,7.5,74.6,8.2,-1.0,510.0,3
331,BossLose,BossDeath,55.9,BossTankSustain,PlayerMeleeBurst,PlayerRangedKiter,117,2500,0.00,0.42,1.00,1,9,14,9,-2.243,11.2,-1.0,-1.0,-1.0,413.0,3
332,BossLose,Timeout,90.0,BossMeleeAggro,PlayerHybridSurvivor,PlayerHybridSurvivor,200,625,0.75,0.00,1.00,6,21,0,4,-2.855,4.0,-1.0,20.3,-1.0,606.0,3
333,BossLose,Timeout,90.0,BossRangedZoner,PlayerMeleeBurst,PlayerMeleeBurst,218,1987,0.21,0.00,0.91,0,21,6,16,-86.102,1.8,57.8,39.3,-1.0,453.2,3
334,BossLose,BossDeath,88.6,BossTankSustain,PlayerHybridSurvivor,PlayerRangedKiter,200,2500,0.00,0.00,1.00,4,26,6,19,1.545,7.4,-1.0,39.2,-1.0,644.0,3
335,BossLose,Timeout,90.0,BossRangedZoner,PlayerMeleeBurst,PlayerCCDebuffer,268,1051,0.58,0.00,0.66,4,25,3,9,-2.141,20.0,-1.0,20.0,-1.0,622.0,3
336,BossLose,BossDeath,58.2,BossMeleeAggro,PlayerCCDebuffer,PlayerHybridSurvivor,227,2500,0.00,0.17,0.70,1,17,15,6,-3.339,2.3,-1.0,-1.0,-1.0,373.0,3
337,BossLose,Timeout,90.0,BossTankSustain,PlayerRangedKiter,PlayerRangedKiter,225,1057,0.58,0.00,0.87,2,28,1,7,-5.774,11.2,-1.0,11.2,-1.0,633.0,3
338,BossLose,Timeout,90.0,BossMeleeAggro,PlayerRangedKiter,PlayerHybridSurvivor,328,1257,0.50,0.00,0.36,11,31,8,3,-84.881,1.4,49.2,39.4,-1.0,465.8,3
339,BossWin,AllPlayerDeath,40.8,BossRangedZoner,PlayerMeleeBurst,PlayerMeleeBurst,400,1374,0.45,0.00,0.00,6,11,9,4,-21.685,3.9,30.1,40.8,30.1,261.0,3
340,BossLose,Timeout,90.0,BossMeleeAggro,PlayerMeleeBurst,PlayerCCDebuffer,228,1579,0.37,0.00,0.86,3,24,3,15,-0.752,2.5,-1.0,36.6,-1.0,628.4,3
341,BossLose,BossDeath,71.0,BossTankSustain,PlayerMeleeBurst,PlayerRangedKiter,37,2500,0.00,0.93,0.88,0,10,19,6,-2.752,69.0,-1.0,-1.0,-1.0,536.6,3
342,BossLose,BossDeath,66.3,BossTankSustain,PlayerRangedKiter,PlayerRangedKiter,36,2500,0.00,0.82,1.00,0,8,11,12,-0.100,7.1,-1.0,-1.0,-1.0,486.0,3
343,BossLose,Timeout,90.0,BossMeleeAggro,PlayerCCDebuffer,PlayerMeleeBurst,98,1076,0.57,1.00,0.51,2,20,12,2,-2.252,2.0,-1.0,-1.0,-1.0,678.0,3
344,BossLose,BossDeath,84.8,BossTankSustain,PlayerRangedKiter,PlayerMeleeBurst,203,2500,0.00,0.15,0.83,3,20,21,5,-1.774,3.1,-1.0,-1.0,-1.0,585.6,3
345,BossLose,Timeout,90.0,BossRangedZoner,PlayerHybridSurvivor,PlayerCCDebuffer,294,1346,0.46,0.00,0.53,4,24,5,8,-5.425,8.1,87.0,35.8,-1.0,637.0,3
346,BossLose,Timeout,90.0,BossTankSustain,PlayerCCDebuffer,PlayerMeleeBurst,200,1504,0.40,0.00,1.00,0,16,13,6,-51.498,7.7,63.9,73.8,-1.0,498.0,3
347,BossWin,AllPlayerDeath,85.8,BossMeleeAggro,PlayerRangedKiter,PlayerHybridSurvivor,400,380,0.85,0.00,0.00,6,29,4,1,-0.067,1.4,85.8,25.2,85.8,576.0,3
348,BossLose,Timeout,90.0,BossRangedZoner,PlayerCCDebuffer,PlayerMeleeBurst,239,1958,0.22,0.00,0.81,2,20,1,14,-12.056,8.3,86.2,8.3,-1.0,635.4,3
349,BossLose,Timeout,90.0,BossMeleeAggro,PlayerCCDebuffer,PlayerCCDebuffer,329,1415,0.43,0.00,0.35,7,18,8,13,-0.860,18.0,-1.0,39.0,-1.0,574.0,3
350,BossLose,Timeout,90.0,BossTankSustain,PlayerRangedKiter,PlayerMeleeBurst,200,2210,0.12,0.00,1.00,4,17,5,13,-108.006,17.8,46.9,49.0,-1.0,402.0,3
351,BossWin,AllPlayerDeath,54.1,BossMeleeAggro,PlayerHybridSurvivor,PlayerCCDebuffer,400,1496,0.40,0.00,0.00,6,16,3,11,-10.614,3.5,44.9,41.0,54.1,339.0,3
352,BossLose,Timeout,90.0,BossMeleeAggro,PlayerHybridSurvivor,PlayerMeleeBurst,238,1801,0.28,0.00,0.81,3,31,2,8,-1.741,5.0,-1.0,30.2,-1.0,631.4,3
353,BossWin,AllPlayerDeath,81.8,BossTankSustain,PlayerRangedKiter,PlayerCCDebuffer,400,2117,0.15,0.00,0.00,4,21,16,7,-54.797,1.9,57.3,81.8,57.3,564.0,3
354,BossLose,Timeout,90.0,BossRangedZoner,PlayerCCDebuffer,PlayerMeleeBurst,174,1671,0.33,0.42,0.71,0,17,18,5,-58.222,3.8,66.1,-1.0,-1.0,588.4,3
355,BossLose,BossDeath,82.0,BossTankSustain,PlayerRangedKiter,PlayerHybridSurvivor,8,2500,0.00,1.00,0.96,1,16,18,8,-0.408,4.4,-1.0,-1.0,-1.0,557.2,3
356,BossLose,Timeout,90.0,BossRangedZoner,PlayerMeleeBurst,PlayerHybridSurvivor,225,2477,0.01,0.00,0.87,9,26,7,9,-162.885,10.2,19.8,35.5,-1.0,224.0,3
357,BossLose,BossDeath,61.8,BossTankSustain,PlayerRangedKiter,PlayerMeleeBurst,135,2500,0.00,0.32,1.00,1,12,15,5,-2.351,2.3,-1.0,-1.0,-1.0,413.4,3
358,BossWin,AllPlayerDeath,40.4,BossMeleeAggro,PlayerMeleeBurst,PlayerCCDebuffer,400,1273,0.49,0.00,0.00,5,6,7,5,1.002,30.2,40.4,30.2,40.4,292.0,3
359,BossLose,Timeout,90.0,BossTankSustain,PlayerMeleeBurst,PlayerCCDebuffer,263,1658,0.34,0.00,0.68,0,14,10,15,0.250,5.3,-1.0,44.8,-1.0,628.4,3
360,BossLose,Timeout,90.0,BossMeleeAggro,PlayerMeleeBurst,PlayerMeleeBurst,286,1657,0.34,0.00,0.57,7,30,2,11,-5.161,15.1,-1.0,15.1,-1.0,622.6,3
361,BossLose,Timeout,90.0,BossMeleeAggro,PlayerMeleeBurst,PlayerRangedKiter,269,1275,0.49,0.00,0.66,4,31,2,16,-2.595,15.1,-1.0,15.1,-1.0,679.8,3
362,BossLose,Timeout,90.0,BossRangedZoner,PlayerMeleeBurst,PlayerRangedKiter,363,1108,0.56,0.00,0.19,6,27,4,9,0.350,7.0,-1.0,16.4,-1.0,672.0,3
363,BossLose,Timeout,90.0,BossRangedZoner,PlayerRangedKiter,PlayerCCDebuffer,200,1489,0.40,0.00,1.00,6,14,8,16,-0.965,2.2,62.4,45.5,-1.0,525.0,3
364,BossLose,BossDeath,51.5,BossMeleeAggro,PlayerHybridSurvivor,PlayerMeleeBurst,31,2500,0.00,0.85,1.00,1,16,10,6,2.247,6.5,-1.0,-1.0,-1.0,394.0,3
365,BossLose,Timeout,90.0,BossMeleeAggro,PlayerMeleeBurst,PlayerRangedKiter,200,2310,0.08,0.00,1.00,3,28,7,15,-3.364,1.4,-1.0,36.3,-1.0,616.0,3
366,BossLose,Timeout,90.0,BossTankSustain,PlayerCCDebuffer,PlayerRangedKiter,200,1379,0.45,0.00,1.00,3,10,13,11,-71.668,21.7,53.2,74.7,-1.0,511.0,3
367,BossLose,Timeout,90.0,BossMeleeAggro,PlayerCCDebuffer,PlayerRangedKiter,200,1198,0.52,0.00,1.00,7,16,4,14,-65.643,5.9,62.5,48.0,-1.0,542.0,3
368,BossLose,Timeout,90.0,BossMeleeAggro,PlayerHybridSurvivor,PlayerCCDebuffer,200,1511,0.40,0.00,1.00,2,25,6,11,-2.729,1.3,-1.0,37.3,-1.0,645.6,3
369,BossWin,AllPlayerDeath,63.9,BossTankSustain,PlayerMeleeBurst,PlayerCCDebuffer,400,2288,0.08,0.00,0.00,2,16,17,2,-120.219,12.6,15.1,63.9,15.1,396.0,3
370,BossWin,AllPlayerDeath,6.7,BossMeleeAggro,PlayerRangedKiter,PlayerMeleeBurst,400,402,0.84,0.00,0.00,2,2,1,1,3.143,6.7,0.6,6.7,0.6,44.0,1
371,BossLose,Timeout,90.0,BossRangedZoner,PlayerCCDebuffer,PlayerMeleeBurst,200,2312,0.08,1.00,0.00,4,19,22,5,-31.769,2.1,76.8,-1.0,76.8,591.0,3
372,BossLose,Timeout,90.0,BossMeleeAggro,PlayerCCDebuffer,PlayerHybridSurvivor,228,1926,0.23,0.00,0.86,8,28,9,5,-2.820,2.2,-1.0,38.5,-1.0,555.0,3
373,BossLose,Timeout,90.0,BossTankSustain,PlayerRangedKiter,PlayerHybridSurvivor,319,1523,0.39,0.00,0.40,2,17,6,8,-0.792,2.1,78.5,38.6,-1.0,570.0,3
374,BossLose,BossDeath,49.1,BossRangedZoner,PlayerMeleeBurst,PlayerRangedKiter,146,2500,0.00,0.27,1.00,0,11,9,8,-3.314,1.8,-1.0,-1.0,-1.0,294.0,3
375,BossWin,AllPlayerDeath,39.4,BossMeleeAggro,PlayerHybridSurvivor,PlayerRangedKiter,400,410,0.84,0.00,0.00,5,11,1,4,6.428,15.8,39.4,23.1,39.4,285.0,3
376,BossLose,BossDeath,56.5,BossMeleeAggro,PlayerHybridSurvivor,PlayerRangedKiter,200,2500,0.00,0.00,1.00,4,16,3,15,0.501,6.9,-1.0,25.6,-1.0,366.4,3
377,BossLose,BossDeath,51.6,BossRangedZoner,PlayerMeleeBurst,PlayerRangedKiter,101,2500,0.00,0.75,0.75,0,11,10,11,0.082,16.2,50.5,-1.0,-1.0,339.0,3
378,BossWin,AllPlayerDeath,81.7,BossRangedZoner,PlayerHybridSurvivor,PlayerMeleeBurst,400,1642,0.34,0.00,0.00,4,22,2,10,-0.138,9.0,81.7,9.0,81.7,573.0,3
379,BossLose,BossDeath,65.7,BossTankSustain,PlayerMeleeBurst,PlayerMeleeBurst,168,2500,0.00,0.16,1.00,2,13,13,4,-0.596,5.3,-1.0,-1.0,-1.0,450.4,3
380,BossLose,Timeout,90.0,BossRangedZoner,PlayerRangedKiter,PlayerRangedKiter,391,2224,0.11,0.00,0.05,4,20,4,17,-17.910,2.3,69.9,25.7,-1.0,457.6,3
381,BossWin,AllPlayerDeath,46.1,BossRangedZoner,PlayerHybridSurvivor,PlayerCCDebuffer,400,323,0.87,0.00,0.00,4,8,0,8,5.776,5.2,46.1,13.6,46.1,329.0,3
382,BossLose,Timeout,90.0,BossTankSustain,PlayerMeleeBurst,PlayerCCDebuffer,295,1631,0.35,0.00,0.52,4,28,4,14,-3.053,16.6,-1.0,16.6,-1.0,620.4,3
383,BossLose,Timeout,90.0,BossMeleeAggro,PlayerHybridSurvivor,PlayerHybridSurvivor,273,811,0.68,0.00,0.64,13,31,3,4,-52.980,7.6,27.6,24.7,-1.0,228.0,3
384,BossLose,BossDeath,56.9,BossRangedZoner,PlayerMeleeBurst,PlayerCCDebuffer,178,2500,0.00,0.95,0.16,3,13,12,11,-0.966,2.1,-1.0,-1.0,-1.0,345.0,3
385,BossWin,AllPlayerDeath,36.3,BossMeleeAggro,PlayerHybridSurvivor,PlayerCCDebuffer,400,1108,0.56,0.00,0.00,3,4,3,5,-5.384,4.2,31.9,36.3,31.9,191.0,3
386,BossLose,Timeout,90.0,BossMeleeAggro,PlayerCCDebuffer,PlayerMeleeBurst,280,1671,0.33,0.00,0.60,8,28,6,8,-2.121,11.6,-1.0,35.6,-1.0,550.0,3
387,BossLose,Timeout,90.0,BossTankSustain,PlayerHybridSurvivor,PlayerCCDebuffer,200,1263,0.49,0.00,1.00,2,9,5,12,0.406,8.7,-1.0,38.4,-1.0,681.6,3
388,BossWin,AllPlayerDeath,30.1,BossMeleeAggro,PlayerCCDebuffer,PlayerRangedKiter,400,600,0.76,0.00,0.00,3,5,6,1,-61.237,2.0,0.3,30.1,0.3,149.0,3
389,BossLose,Timeout,90.0,BossTankSustain,PlayerRangedKiter,PlayerHybridSurvivor,343,2275,0.09,0.00,0.28,2,14,16,9,-129.793,4.5,21.0,70.9,-1.0,347.0,3
390,BossWin,AllPlayerDeath,70.1,BossMeleeAggro,PlayerMeleeBurst,PlayerHybridSurvivor,400,380,0.85,0.00,0.00,10,24,2,1,3.843,3.8,70.1,15.4,70.1,460.0,3
391,BossLose,BossDeath,80.6,BossTankSustain,PlayerRangedKiter,PlayerRangedKiter,200,2500,0.00,0.00,1.00,0,16,18,18,-8.052,1.5,-1.0,73.9,-1.0,400.2,3
392,BossLose,Timeout,90.0,BossTankSustain,PlayerHybridSurvivor,PlayerRangedKiter,214,1135,0.55,0.00,0.93,2,16,5,10,-1.646,8.0,-1.0,31.5,-1.0,696.4,3
393,BossLose,Timeout,90.0,BossTankSustain,PlayerHybridSurvivor,PlayerMeleeBurst,128,1898,0.24,0.65,0.71,1,13,11,8,0.615,2.2,-1.0,-1.0,-1.0,650.6,3
394,BossLose,Timeout,90.0,BossRangedZoner,PlayerHybridSurvivor,PlayerRangedKiter,328,1805,0.28,0.36,0.00,3,21,8,9,-98.512,2.5,52.0,-1.0,52.0,475.0,3
395,BossLose,BossDeath,58.6,BossRangedZoner,PlayerCCDebuffer,PlayerMeleeBurst,263,2500,0.00,0.68,0.00,2,16,16,5,-26.226,1.8,48.3,-1.0,48.3,369.6,3
396,BossLose,BossDeath,55.3,BossTankSustain,PlayerMeleeBurst,PlayerMeleeBurst,94,2500,0.00,0.53,1.00,0,8,13,6,-3.197,1.9,-1.0,-1.0,-1.0,402.0,3
397,BossLose,Timeout,90.0,BossMeleeAggro,PlayerMeleeBurst,PlayerRangedKiter,363,1971,0.21,0.00,0.19,7,21,3,15,-0.151,4.7,-1.0,35.8,-1.0,638.6,3
398,BossWin,AllPlayerDeath,32.7,BossRangedZoner,PlayerRangedKiter,PlayerMeleeBurst,400,782,0.69,0.00,0.00,4,6,6,2,5.637,4.6,32.7,32.7,32.7,175.0,3
399,BossWin,AllPlayerDeath,65.8,BossMeleeAggro,PlayerRangedKiter,PlayerCCDebuffer,400,1837,0.27,0.00,0.00,6,22,7,14,1.397,3.9,65.8,35.2,65.8,334.0,3
400,BossLose,BossDeath,52.2,BossTankSustain,PlayerCCDebuffer,PlayerCCDebuffer,29,2500,0.00,0.86,1.00,0,7,14,11,-37.093,1.7,17.5,-1.0,-1.0,238.0,3
401,BossLose,Timeout,90.0,BossRangedZoner,PlayerCCDebuffer,PlayerHybridSurvivor,200,1327,0.47,0.00,1.00,6,17,1,8,-0.491,10.9,-1.0,30.7,-1.0,544.0,3
402,BossLose,Timeout,90.0,BossTankSustain,PlayerRangedKiter,PlayerRangedKiter,126,2272,0.09,0.37,1.00,0,10,14,16,-1.937,4.6,-1.0,-1.0,-1.0,629.0,3
403,BossWin,AllPlayerDeath,32.9,BossRangedZoner,PlayerCCDebuffer,PlayerCCDebuffer,400,1016,0.59,0.00,0.00,4,8,5,4,2.418,14.2,32.9,25.4,32.9,208.0,3
404,BossLose,Timeout,90.0,BossMeleeAggro,PlayerHybridSurvivor,PlayerMeleeBurst,354,1948,0.22,0.00,0.23,7,19,2,9,2.173,2.1,-1.0,36.0,-1.0,629.0,3
405,BossWin,AllPlayerDeath,72.9,BossTankSustain,PlayerRangedKiter,PlayerRangedKiter,400,1827,0.27,0.00,0.00,3,16,3,12,-10.069,11.4,64.7,26.9,72.9,527.0,3
406,BossLose,BossDeath,54.7,BossTankSustain,PlayerCCDebuffer,PlayerRangedKiter,150,2500,0.00,0.26,0.99,1,13,11,13,-6.030,9.1,-1.0,-1.0,-1.0,281.0,3
407,BossLose,Timeout,90.0,BossRangedZoner,PlayerRangedKiter,PlayerCCDebuffer,341,2076,0.17,0.00,0.29,7,20,9,15,-0.372,14.7,-1.0,50.1,-1.0,555.0,3
408,BossLose,Timeout,90.0,BossMeleeAggro,PlayerRangedKiter,PlayerCCDebuffer,287,1665,0.33,0.00,0.57,3,26,2,19,-7.182,10.1,-1.0,10.1,-1.0,542.0,3
409,BossWin,AllPlayerDeath,80.3,BossRangedZoner,PlayerRangedKiter,PlayerMeleeBurst,400,1783,0.29,0.00,0.00,8,19,12,7,0.789,1.7,80.3,50.3,80.3,476.0,3
410,BossLose,Timeout,90.0,BossMeleeAggro,PlayerHybridSurvivor,PlayerMeleeBurst,319,1380,0.45,0.00,0.41,4,23,8,4,-2.399,1.4,-1.0,79.2,-1.0,627.4,3
411,BossLose,Timeout,90.0,BossRangedZoner,PlayerMeleeBurst,PlayerHybridSurvivor,356,1128,0.55,0.00,0.22,5,24,6,3,-1.989,25.1,-1.0,25.1,-1.0,612.6,3
412,BossLose,BossDeath,75.5,BossTankSustain,PlayerHybridSurvivor,PlayerCCDebuffer,339,2500,0.00,0.30,0.00,0,13,14,11,-22.060,10.8,67.1,-1.0,67.1,464.2,3
413,BossLose,Timeout,90.0,BossMeleeAggro,PlayerHybridSurvivor,PlayerRangedKiter,256,1544,0.38,0.00,0.72,3,31,4,11,1.125,5.8,-1.0,36.3,-1.0,672.0,3
414,BossLose,Timeout,90.0,BossRangedZoner,PlayerCCDebuffer,PlayerCCDebuffer,250,1640,0.34,0.00,0.75,2,18,16,9,-1.537,4.9,-1.0,66.9,-1.0,601.6,3
415,BossLose,BossDeath,59.5,BossMeleeAggro,PlayerMeleeBurst,PlayerRangedKiter,200,2500,0.00,0.00,1.00,3,14,11,11,-81.689,2.2,10.8,41.6,-1.0,225.6,3
416,BossWin,AllPlayerDeath,45.5,BossMeleeAggro,PlayerHybridSurvivor,PlayerCCDebuffer,400,1083,0.57,0.00,0.00,5,14,3,7,1.983,15.1,45.5,15.1,45.5,316.0,3
417,BossLose,BossDeath,41.7,BossTankSustain,PlayerMeleeBurst,PlayerCCDebuffer,159,2500,0.00,0.20,1.00,1,9,10,6,-1.434,1.9,-1.0,-1.0,-1.0,307.8,3
418,BossLose,Timeout,90.0,BossMeleeAggro,PlayerHybridSurvivor,PlayerRangedKiter,298,1942,0.22,0.00,0.51,8,20,5,18,-0.923,9.8,-1.0,41.1,-1.0,599.0,3
419,BossWin,AllPlayerDeath,55.7,BossMeleeAggro,PlayerHybridSurvivor,PlayerMeleeBurst,400,1336,0.47,0.00,0.00,6,16,3,6,4.638,3.9,55.7,35.1,55.7,362.8,3
420,BossWin,AllPlayerDeath,62.5,BossRangedZoner,PlayerCCDebuffer,PlayerRangedKiter,400,1461,0.42,0.00,0.00,5,16,5,11,3.575,1.9,61.9,31.2,62.5,414.0,3
421,BossLose,Timeout,90.0,BossRangedZoner,PlayerHybridSurvivor,PlayerRangedKiter,366,2473,0.01,0.00,0.17,4,26,6,19,0.271,3.6,-1.0,46.7,-1.0,575.4,3
422,BossLose,BossDeath,70.8,BossTankSustain,PlayerRangedKiter,PlayerRangedKiter,215,2500,0.00,0.02,0.90,1,14,12,15,0.242,15.7,-1.0,-1.0,-1.0,417.0,3
423,BossLose,Timeout,90.0,BossTankSustain,PlayerCCDebuffer,PlayerHybridSurvivor,323,783,0.69,0.00,0.39,2,17,1,4,-77.303,13.2,46.1,13.2,-1.0,526.8,3
424,BossLose,Timeout,90.0,BossMeleeAggro,PlayerCCDebuffer,PlayerHybridSurvivor,300,1260,0.50,0.00,0.50,1,24,6,7,-27.305,42.0,74.9,42.0,-1.0,438.0,3
425,BossLose,BossDeath,79.6,BossMeleeAggro,PlayerHybridSurvivor,PlayerRangedKiter,200,2500,0.00,0.00,1.00,2,20,9,11,-3.227,6.0,76.2,64.8,-1.0,586.0,3
426,BossLose,Timeout,90.0,BossMeleeAggro,PlayerMeleeBurst,PlayerRangedKiter,280,575,0.77,0.00,0.60,4,27,3,7,-1.502,1.5,-1.0,20.3,-1.0,684.0,3
427,BossLose,Timeout,90.0,BossRangedZoner,PlayerMeleeBurst,PlayerRangedKiter,200,1111,0.56,0.00,1.00,5,16,2,10,2.057,4.9,-1.0,36.3,-1.0,711.0,3
428,BossLose,Timeout,90.0,BossMeleeAggro,PlayerMeleeBurst,PlayerMeleeBurst,250,2446,0.02,0.00,0.75,2,23,10,8,-117.300,2.1,44.9,54.2,-1.0,459.0,3
429,BossLose,Timeout,90.0,BossMeleeAggro,PlayerRangedKiter,PlayerCCDebuffer,338,2003,0.20,0.00,0.31,3,33,6,13,-16.270,2.2,84.5,38.2,-1.0,451.0,3
430,BossWin,AllPlayerDeath,20.1,BossMeleeAggro,PlayerCCDebuffer,PlayerRangedKiter,400,367,0.85,0.00,0.00,3,4,4,0,-4.144,13.7,1.8,20.1,1.8,129.0,2
431,BossLose,BossDeath,65.8,BossTankSustain,PlayerHybridSurvivor,PlayerMeleeBurst,200,2500,0.00,0.39,0.61,2,14,8,10,-33.003,4.3,46.2,-1.0,-1.0,455.0,3
432,BossWin,AllPlayerDeath,32.1,BossRangedZoner,PlayerHybridSurvivor,PlayerMeleeBurst,400,653,0.74,0.00,0.00,6,7,1,4,-0.253,15.1,30.3,15.1,32.1,221.0,3
433,BossLose,Timeout,90.0,BossMeleeAggro,PlayerMeleeBurst,PlayerMeleeBurst,331,830,0.67,0.00,0.34,3,21,0,8,-4.087,0.2,-1.0,0.2,-1.0,632.4,3
434,BossLose,Timeout,90.0,BossMeleeAggro,PlayerMeleeBurst,PlayerRangedKiter,200,1805,0.28,0.00,1.00,8,27,2,18,-1.283,7.7,-1.0,13.5,-1.0,594.6,3
435,BossLose,Timeout,90.0,BossMeleeAggro,PlayerHybridSurvivor,PlayerCCDebuffer,200,1615,0.35,0.00,1.00,5,29,2,14,-69.898,8.2,62.3,35.5,-1.0,528.8,3
436,BossLose,Timeout,90.0,BossRangedZoner,PlayerCCDebuffer,PlayerCCDebuffer,200,2240,0.10,0.50,0.50,0,21,24,10,-6.936,14.0,-1.0,-1.0,-1.0,416.0,3
437,BossLose,Timeout,90.0,BossMeleeAggro,PlayerMeleeBurst,PlayerCCDebuffer,205,2374,0.05,0.00,0.97,3,26,9,10,0.431,5.1,-1.0,43.6,-1.0,633.0,3
438,BossWin,AllPlayerDeath,65.0,BossRangedZoner,PlayerHybridSurvivor,PlayerMeleeBurst,400,740,0.70,0.00,0.00,7,18,6,1,4.239,1.8,65.0,32.7,65.0,462.0,3
439,BossLose,Timeout,90.0,BossRangedZoner,PlayerCCDebuffer,PlayerHybridSurvivor,329,1415,0.43,0.00,0.35,5,14,7,8,-8.359,4.0,84.4,35.7,-1.0,646.4,3
440,BossLose,Timeout,90.0,BossMeleeAggro,PlayerCCDebuffer,PlayerMeleeBurst,333,1939,0.22,0.00,0.34,4,20,12,11,-82.318,14.8,54.7,62.8,-1.0,393.0,3
441,BossLose,Timeout,90.0,BossMeleeAggro,PlayerMeleeBurst,PlayerMeleeBurst,293,1095,0.56,0.00,0.53,8,27,3,5,-0.407,2.0,-1.0,21.3,-1.0,661.6,3
442,BossLose,Timeout,90.0,BossRangedZoner,PlayerCCDebuffer,PlayerCCDebuffer,267,1934,0.23,0.00,0.67,6,17,9,19,-139.536,2.0,16.7,40.5,-1.0,275.0,3
443,BossWin,AllPlayerDeath,48.3,BossTankSustain,PlayerHybridSurvivor,PlayerMeleeBurst,400,1823,0.27,0.00,0.00,2,11,6,10,5.582,4.3,48.3,45.4,48.3,327.0,3
444,BossLose,Timeout,90.0,BossTankSustain,PlayerRangedKiter,PlayerHybridSurvivor,165,1992,0.20,0.63,0.55,2,15,24,1,-1.220,1.7,-1.0,-1.0,-1.0,590.0,3
445,BossWin,AllPlayerDeath,35.4,BossMeleeAggro,PlayerRangedKiter,PlayerCCDebuffer,400,761,0.70,0.00,0.00,4,4,5,2,-8.363,1.8,30.1,35.4,30.1,260.0,3
446,BossLose,Timeout,90.0,BossRangedZoner,PlayerHybridSurvivor,PlayerCCDebuffer,356,1449,0.42,0.00,0.22,9,27,5,17,-59.092,22.2,56.1,36.2,-1.0,488.0,3
447,BossLose,Timeout,90.0,BossMeleeAggro,PlayerRangedKiter,PlayerCCDebuffer,332,1676,0.33,0.00,0.34,4,19,5,10,-2.536,1.8,-1.0,40.3,-1.0,537.6,3
448,BossLose,Timeout,90.0,BossRangedZoner,PlayerRangedKiter,PlayerRangedKiter,200,1908,0.24,0.00,1.00,7,26,4,15,-5.009,4.2,-1.0,25.1,-1.0,616.8,3
449,BossLose,BossDeath,50.4,BossRangedZoner,PlayerRangedKiter,PlayerMeleeBurst,17,2500,0.00,0.91,1.00,0,10,10,7,0.262,2.6,-1.0,-1.0,-1.0,332.0,3
450,BossLose,Timeout,90.0,BossTankSustain,PlayerRangedKiter,PlayerMeleeBurst,59,2359,0.06,0.74,0.96,0,10,13,9,1.096,1.8,-1.0,-1.0,-1.0,642.0,3
451,BossLose,BossDeath,89.5,BossRangedZoner,PlayerCCDebuffer,PlayerMeleeBurst,281,2500,0.00,0.00,0.60,8,25,4,12,0.017,18.7,-1.0,35.3,-1.0,585.4,3
452,BossWin,AllPlayerDeath,50.2,BossTankSustain,PlayerMeleeBurst,PlayerHybridSurvivor,400,1866,0.25,0.00,0.00,5,13,11,3,-32.134,2.9,35.3,50.2,35.3,326.0,3

# === Session 2026-04-28 10:40:59 ===
Episode,Result,EndReason,Duration,BossPool,P1Pool,P2Pool,BossDmgDealt,PlayerDmgDealt,BossHpLeft,P1HpLeft,P2HpLeft,BossHits,BossCasts,P1Hits,P2Hits,CumulativeReward,FirstTouchP1,FirstTouchP2,P1DeathTime,P2DeathTime,BossTravelDist,UnlockedSkills

# === Session 2026-04-28 10:49:08 ===
Episode,Result,EndReason,Duration,BossPool,P1Pool,P2Pool,BossDmgDealt,PlayerDmgDealt,BossHpLeft,P1HpLeft,P2HpLeft,BossHits,BossCasts,P1Hits,P2Hits,CumulativeReward,FirstTouchP1,FirstTouchP2,P1DeathTime,P2DeathTime,BossTravelDist,UnlockedSkills
1,BossLose,BossDeath,58.3,BossTankSustain,PlayerRangedKiter,PlayerHybridSurvivor,171,2500,0.00,0.14,1.00,0,0,16,5,-17.157,-1.0,-1.0,-1.0,-1.0,0.0,3
