Episode,Result,Duration,BossPool,P1Pool,P2Pool,BossDmgDealt,PlayerDmgDealt,BossHpLeft,P1HpLeft,P2HpLeft,BossHits,P1Hits,P2Hits
1,BossLose,90.0,BossTankSustain,PlayerHybridSurvivor,PlayerTrainingSkillPool,209,2030,0.19,0.00,0.96,4,5,13
2,BossLose,90.0,BossTankSustain,PlayerTrainingSkillPool,PlayerHybridSurvivor,282,908,0.64,0.00,0.59,4,1,4
3,BossWin,54.5,BossMeleeAggro,PlayerCCDebuffer,PlayerHybridSurvivor,400,664,0.73,0.00,0.00,6,12,0
4,BossWin,35.8,BossRangedZoner,PlayerHybridSurvivor,PlayerCCDebuffer,400,555,0.78,0.00,0.00,6,2,5
5,BossLose,90.0,BossMeleeAggro,PlayerTrainingSkillPool,PlayerCCDebuffer,200,1142,0.54,0.00,1.00,9,5,12
6,BossWin,40.5,BossRangedZoner,PlayerHybridSurvivor,PlayerHybridSurvivor,400,560,0.78,0.00,0.00,7,2,3
7,BossLose,90.0,BossTankSustain,PlayerHybridSurvivor,PlayerHybridSurvivor,237,1636,0.35,0.00,0.81,2,3,9
8,BossWin,46.2,BossTankSustain,PlayerTrainingSkillPool,PlayerTrainingSkillPool,400,739,0.70,0.00,0.00,4,10,2
9,BossWin,57.6,BossMeleeAggro,PlayerCCDebuffer,PlayerCCDebuffer,400,1022,0.59,0.00,0.00,7,2,10
10,BossWin,35.7,BossRangedZoner,PlayerMeleeBurst,PlayerCCDebuffer,400,1348,0.46,0.00,0.00,3,6,6
11,BossWin,70.2,BossRangedZoner,PlayerCCDebuffer,PlayerCCDebuffer,400,1084,0.57,0.00,0.00,9,3,17
12,BossLose,56.2,BossTankSustain,PlayerMeleeBurst,PlayerTrainingSkillPool,79,2500,0.00,0.60,1.00,0,15,2
13,BossWin,30.4,BossMeleeAggro,PlayerHybridSurvivor,PlayerMeleeBurst,400,571,0.77,0.00,0.00,4,3,2
14,BossLose,90.0,BossTankSustain,PlayerHybridSurvivor,PlayerHybridSurvivor,268,1337,0.47,0.00,0.66,2,0,8
15,BossLose,90.0,BossTankSustain,PlayerMeleeBurst,PlayerTrainingSkillPool,200,1706,0.32,0.00,1.00,0,11,11
16,BossWin,35.1,BossRangedZoner,PlayerHybridSurvivor,PlayerCCDebuffer,400,666,0.73,0.00,0.00,6,0,6
17,BossLose,90.0,BossRangedZoner,PlayerCCDebuffer,PlayerCCDebuffer,297,2299,0.08,0.52,0.00,3,23,12
18,BossWin,61.0,BossRangedZoner,PlayerTrainingSkillPool,PlayerCCDebuffer,400,1500,0.40,0.00,0.00,6,2,13
19,BossLose,90.0,BossTankSustain,PlayerCCDebuffer,PlayerMeleeBurst,122,1504,0.40,0.39,1.00,1,17,4
20,BossLose,90.0,BossMeleeAggro,PlayerTrainingSkillPool,PlayerTrainingSkillPool,258,1607,0.36,0.00,0.71,3,2,12
21,BossLose,48.4,BossRangedZoner,PlayerMeleeBurst,PlayerTrainingSkillPool,4,2500,0.00,0.98,1.00,0,14,5
22,BossWin,54.5,BossMeleeAggro,PlayerTrainingSkillPool,PlayerHybridSurvivor,400,485,0.81,0.00,0.00,4,6,0
23,BossLose,83.2,BossTankSustain,PlayerHybridSurvivor,PlayerMeleeBurst,337,2500,0.00,0.32,0.00,1,16,3
24,BossLose,90.0,BossMeleeAggro,PlayerHybridSurvivor,PlayerTrainingSkillPool,200,975,0.61,0.00,1.00,3,4,3
25,BossLose,52.2,BossRangedZoner,PlayerMeleeBurst,PlayerTrainingSkillPool,286,2500,0.00,0.00,0.57,3,14,6
26,BossWin,36.1,BossMeleeAggro,PlayerCCDebuffer,PlayerMeleeBurst,400,816,0.67,0.00,0.00,5,6,1
27,BossLose,90.0,BossMeleeAggro,PlayerTrainingSkillPool,PlayerHybridSurvivor,354,1234,0.51,0.00,0.23,6,7,0
28,BossLose,90.0,BossMeleeAggro,PlayerCCDebuffer,PlayerTrainingSkillPool,200,1761,0.30,0.00,1.00,2,12,7
29,BossWin,30.1,BossMeleeAggro,PlayerMeleeBurst,PlayerCCDebuffer,400,666,0.73,0.00,0.00,4,2,3
30,BossWin,81.4,BossRangedZoner,PlayerTrainingSkillPool,PlayerCCDebuffer,400,1668,0.33,0.00,0.00,8,4,13
31,BossLose,90.0,BossTankSustain,PlayerHybridSurvivor,PlayerHybridSurvivor,213,2332,0.07,0.00,0.94,3,9,5
32,BossLose,55.4,BossTankSustain,PlayerHybridSurvivor,PlayerTrainingSkillPool,150,2500,0.00,1.00,0.25,0,8,7
33,BossLose,90.0,BossRangedZoner,PlayerHybridSurvivor,PlayerCCDebuffer,346,1422,0.43,0.00,0.27,5,2,16
34,BossLose,90.0,BossTankSustain,PlayerMeleeBurst,PlayerHybridSurvivor,239,2152,0.14,0.00,0.81,1,6,12
35,BossLose,90.0,BossRangedZoner,PlayerTrainingSkillPool,PlayerTrainingSkillPool,200,1635,0.35,0.00,1.00,2,10,5
36,BossWin,46.2,BossMeleeAggro,PlayerMeleeBurst,PlayerTrainingSkillPool,400,625,0.75,0.00,0.00,4,2,3
37,BossLose,90.0,BossMeleeAggro,PlayerCCDebuffer,PlayerMeleeBurst,200,1172,0.53,0.00,1.00,4,0,7
38,BossLose,90.0,BossTankSustain,PlayerTrainingSkillPool,PlayerCCDebuffer,219,1772,0.29,0.00,0.90,1,2,16
39,BossLose,48.2,BossRangedZoner,PlayerMeleeBurst,PlayerTrainingSkillPool,196,2500,0.00,0.03,0.99,2,14,6
40,BossLose,90.0,BossTankSustain,PlayerCCDebuffer,PlayerHybridSurvivor,309,2204,0.12,0.35,0.10,2,16,8
41,BossLose,90.0,BossTankSustain,PlayerHybridSurvivor,PlayerCCDebuffer,200,2118,0.15,0.00,1.00,3,9,13
42,BossWin,33.8,BossMeleeAggro,PlayerCCDebuffer,PlayerMeleeBurst,400,461,0.82,0.00,0.00,4,5,3
43,BossLose,90.0,BossRangedZoner,PlayerCCDebuffer,PlayerHybridSurvivor,320,1767,0.29,0.00,0.40,7,4,8
44,BossWin,60.3,BossRangedZoner,PlayerCCDebuffer,PlayerMeleeBurst,400,1593,0.36,0.00,0.00,6,3,9
45,BossWin,15.7,BossMeleeAggro,PlayerCCDebuffer,PlayerCCDebuffer,400,32,0.99,0.00,0.00,2,3,2
46,BossLose,90.0,BossTankSustain,PlayerHybridSurvivor,PlayerMeleeBurst,251,1991,0.20,0.00,0.74,1,6,11
47,BossLose,90.0,BossMeleeAggro,PlayerMeleeBurst,PlayerTrainingSkillPool,320,2022,0.19,0.00,0.40,6,6,7
48,BossWin,30.1,BossMeleeAggro,PlayerTrainingSkillPool,PlayerCCDebuffer,400,340,0.86,0.00,0.00,5,2,2
49,BossLose,90.0,BossMeleeAggro,PlayerHybridSurvivor,PlayerHybridSurvivor,270,1516,0.39,0.00,0.65,4,0,10
50,BossLose,90.0,BossRangedZoner,PlayerHybridSurvivor,PlayerHybridSurvivor,328,590,0.76,0.00,0.36,6,3,2
51,BossLose,71.4,BossRangedZoner,PlayerTrainingSkillPool,PlayerHybridSurvivor,305,2500,0.00,0.00,0.47,3,9,8
52,BossLose,80.6,BossTankSustain,PlayerHybridSurvivor,PlayerCCDebuffer,200,2500,0.00,0.00,1.00,2,7,17
53,BossLose,71.1,BossTankSustain,PlayerCCDebuffer,PlayerHybridSurvivor,119,2500,0.00,0.41,1.00,0,16,7
54,BossLose,90.0,BossTankSustain,PlayerTrainingSkillPool,PlayerTrainingSkillPool,255,2414,0.03,0.00,0.72,3,13,17
55,BossWin,80.3,BossMeleeAggro,PlayerCCDebuffer,PlayerMeleeBurst,400,1718,0.31,0.00,0.00,6,22,4
56,BossLose,90.0,BossRangedZoner,PlayerMeleeBurst,PlayerMeleeBurst,293,760,0.70,0.00,0.54,8,2,5
57,BossLose,90.0,BossTankSustain,PlayerHybridSurvivor,PlayerHybridSurvivor,200,1330,0.47,0.00,1.00,2,8,2
58,BossWin,51.2,BossMeleeAggro,PlayerTrainingSkillPool,PlayerHybridSurvivor,400,1223,0.51,0.00,0.00,5,3,6
59,BossLose,90.0,BossRangedZoner,PlayerMeleeBurst,PlayerCCDebuffer,200,2473,0.01,0.00,1.00,3,16,12
60,BossLose,90.0,BossRangedZoner,PlayerHybridSurvivor,PlayerHybridSurvivor,209,1411,0.44,0.00,0.95,2,8,4
61,BossLose,90.0,BossRangedZoner,PlayerMeleeBurst,PlayerCCDebuffer,223,2319,0.07,0.00,0.88,6,8,16
62,BossLose,90.0,BossTankSustain,PlayerCCDebuffer,PlayerHybridSurvivor,36,1981,0.21,1.00,0.82,1,21,2
63,BossWin,75.6,BossMeleeAggro,PlayerCCDebuffer,PlayerHybridSurvivor,400,1487,0.41,0.00,0.00,8,8,4
64,BossLose,90.0,BossTankSustain,PlayerCCDebuffer,PlayerTrainingSkillPool,182,1719,0.31,0.09,1.00,1,21,5
65,BossLose,90.0,BossRangedZoner,PlayerHybridSurvivor,PlayerCCDebuffer,274,1733,0.31,0.00,0.63,4,2,21
66,BossWin,60.6,BossMeleeAggro,PlayerCCDebuffer,PlayerMeleeBurst,400,1002,0.60,0.00,0.00,4,0,7
67,BossLose,90.0,BossRangedZoner,PlayerHybridSurvivor,PlayerCCDebuffer,208,1947,0.22,0.00,0.96,0,4,18
68,BossLose,90.0,BossRangedZoner,PlayerHybridSurvivor,PlayerCCDebuffer,310,1824,0.27,0.00,0.45,5,4,13
69,BossLose,90.0,BossTankSustain,PlayerHybridSurvivor,PlayerHybridSurvivor,200,654,0.74,0.00,1.00,2,5,2
70,BossLose,90.0,BossRangedZoner,PlayerHybridSurvivor,PlayerMeleeBurst,320,499,0.80,0.00,0.40,4,0,6
71,BossLose,50.2,BossRangedZoner,PlayerTrainingSkillPool,PlayerTrainingSkillPool,203,2500,0.00,0.00,0.98,3,11,8
72,BossLose,90.0,BossMeleeAggro,PlayerMeleeBurst,PlayerTrainingSkillPool,200,2179,0.13,0.00,1.00,3,9,7
73,BossLose,90.0,BossTankSustain,PlayerHybridSurvivor,PlayerMeleeBurst,288,2209,0.12,0.00,0.56,4,4,12
74,BossLose,90.0,BossTankSustain,PlayerTrainingSkillPool,PlayerTrainingSkillPool,95,1507,0.40,0.55,0.97,0,12,9
75,BossLose,90.0,BossRangedZoner,PlayerCCDebuffer,PlayerCCDebuffer,318,1355,0.46,0.00,0.41,4,5,14
76,BossLose,90.0,BossRangedZoner,PlayerTrainingSkillPool,PlayerTrainingSkillPool,226,1604,0.36,0.00,0.87,6,2,11
77,BossLose,90.0,BossTankSustain,PlayerTrainingSkillPool,PlayerHybridSurvivor,209,727,0.71,0.00,0.96,2,4,3
78,BossLose,90.0,BossRangedZoner,PlayerMeleeBurst,PlayerHybridSurvivor,266,1703,0.32,0.00,0.67,6,7,5
79,BossWin,38.5,BossMeleeAggro,PlayerCCDebuffer,PlayerHybridSurvivor,400,618,0.75,0.00,0.00,4,9,1
80,BossLose,90.0,BossTankSustain,PlayerCCDebuffer,PlayerCCDebuffer,200,1718,0.31,0.00,1.00,2,5,17
81,BossWin,80.1,BossMeleeAggro,PlayerMeleeBurst,PlayerMeleeBurst,400,1236,0.51,0.00,0.00,4,5,6
82,BossLose,90.0,BossMeleeAggro,PlayerCCDebuffer,PlayerMeleeBurst,270,190,0.92,0.00,0.65,2,0,3
83,BossWin,61.7,BossRangedZoner,PlayerTrainingSkillPool,PlayerCCDebuffer,400,886,0.65,0.00,0.00,5,2,10
84,BossLose,90.0,BossRangedZoner,PlayerTrainingSkillPool,PlayerMeleeBurst,229,2009,0.20,0.46,0.40,2,11,2
85,BossLose,57.2,BossRangedZoner,PlayerCCDebuffer,PlayerCCDebuffer,45,2500,0.00,0.77,1.00,1,16,12
86,BossLose,90.0,BossMeleeAggro,PlayerHybridSurvivor,PlayerMeleeBurst,236,2244,0.10,0.00,0.82,9,5,9
87,BossWin,72.4,BossRangedZoner,PlayerMeleeBurst,PlayerTrainingSkillPool,400,2069,0.17,0.00,0.00,9,12,4
88,BossLose,90.0,BossTankSustain,PlayerCCDebuffer,PlayerHybridSurvivor,310,1035,0.59,0.00,0.45,1,6,6
89,BossLose,90.0,BossTankSustain,PlayerHybridSurvivor,PlayerHybridSurvivor,200,2392,0.04,0.00,1.00,1,13,4
90,BossLose,90.0,BossTankSustain,PlayerHybridSurvivor,PlayerCCDebuffer,282,1176,0.53,0.00,0.59,5,2,17
91,BossLose,90.0,BossRangedZoner,PlayerHybridSurvivor,PlayerHybridSurvivor,332,660,0.74,0.00,0.34,5,1,3
92,BossLose,90.0,BossTankSustain,PlayerHybridSurvivor,PlayerTrainingSkillPool,212,2372,0.05,0.00,0.94,0,14,13
93,BossLose,81.0,BossRangedZoner,PlayerMeleeBurst,PlayerHybridSurvivor,149,2500,0.00,0.89,0.37,2,16,1
94,BossLose,90.0,BossRangedZoner,PlayerTrainingSkillPool,PlayerTrainingSkillPool,233,1182,0.53,0.00,0.84,4,6,13
95,BossLose,90.0,BossMeleeAggro,PlayerMeleeBurst,PlayerCCDebuffer,200,2443,0.02,0.00,1.00,5,2,20
96,BossLose,90.0,BossMeleeAggro,PlayerTrainingSkillPool,PlayerTrainingSkillPool,200,1469,0.41,0.00,1.00,5,5,7
97,BossLose,88.9,BossTankSustain,PlayerTrainingSkillPool,PlayerCCDebuffer,154,2500,0.00,0.24,0.99,0,15,12
98,BossWin,39.4,BossMeleeAggro,PlayerHybridSurvivor,PlayerCCDebuffer,400,1218,0.51,0.00,0.00,4,6,2
99,BossLose,82.1,BossTankSustain,PlayerCCDebuffer,PlayerMeleeBurst,125,2500,0.00,0.37,1.00,0,22,9
100,BossLose,90.0,BossMeleeAggro,PlayerMeleeBurst,PlayerTrainingSkillPool,270,1925,0.23,0.00,0.65,7,2,9
101,BossLose,90.0,BossRangedZoner,PlayerHybridSurvivor,PlayerMeleeBurst,200,1852,0.26,0.00,1.00,4,1,11
102,BossWin,51.4,BossMeleeAggro,PlayerTrainingSkillPool,PlayerHybridSurvivor,400,721,0.71,0.00,0.00,7,4,2
103,BossLose,90.0,BossRangedZoner,PlayerTrainingSkillPool,PlayerCCDebuffer,200,1800,0.28,0.00,1.00,0,6,15
104,BossLose,90.0,BossMeleeAggro,PlayerHybridSurvivor,PlayerTrainingSkillPool,285,1876,0.25,0.00,0.58,8,2,10
105,BossLose,64.3,BossTankSustain,PlayerTrainingSkillPool,PlayerMeleeBurst,207,2500,0.00,0.33,0.63,1,10,8
106,BossWin,36.1,BossMeleeAggro,PlayerTrainingSkillPool,PlayerCCDebuffer,400,383,0.85,0.00,0.00,5,4,2
107,BossLose,81.5,BossRangedZoner,PlayerTrainingSkillPool,PlayerCCDebuffer,160,2500,0.00,0.20,1.00,0,19,14
108,BossLose,80.9,BossTankSustain,PlayerTrainingSkillPool,PlayerTrainingSkillPool,200,2500,0.00,1.00,0.00,2,19,7
109,BossLose,90.0,BossTankSustain,PlayerHybridSurvivor,PlayerHybridSurvivor,200,1739,0.30,0.00,1.00,0,5,8
110,BossLose,71.3,BossRangedZoner,PlayerTrainingSkillPool,PlayerHybridSurvivor,269,2500,0.00,0.00,0.66,6,13,7
111,BossLose,90.0,BossMeleeAggro,PlayerHybridSurvivor,PlayerCCDebuffer,306,1261,0.50,0.00,0.47,6,1,17
112,BossLose,36.3,BossTankSustain,PlayerMeleeBurst,PlayerCCDebuffer,165,2500,0.00,0.18,1.00,1,11,4
113,BossLose,81.6,BossRangedZoner,PlayerCCDebuffer,PlayerMeleeBurst,127,2500,0.00,0.79,0.58,2,16,7
114,BossLose,90.0,BossMeleeAggro,PlayerTrainingSkillPool,PlayerHybridSurvivor,200,80,0.97,0.00,1.00,3,1,0
115,BossLose,90.0,BossTankSustain,PlayerCCDebuffer,PlayerHybridSurvivor,200,1625,0.35,0.00,1.00,0,5,7
116,BossWin,47.2,BossMeleeAggro,PlayerMeleeBurst,PlayerTrainingSkillPool,400,1587,0.37,0.00,0.00,4,5,7
117,BossLose,90.0,BossTankSustain,PlayerTrainingSkillPool,PlayerCCDebuffer,161,2194,0.12,0.20,1.00,0,24,14
118,BossWin,65.2,BossMeleeAggro,PlayerCCDebuffer,PlayerHybridSurvivor,400,1186,0.53,0.00,0.00,6,4,6
119,BossLose,65.8,BossTankSustain,PlayerCCDebuffer,PlayerCCDebuffer,188,2500,0.00,0.28,0.78,0,19,15
120,BossLose,90.0,BossRangedZoner,PlayerTrainingSkillPool,PlayerHybridSurvivor,250,902,0.64,0.00,0.75,8,6,2
121,BossLose,40.4,BossRangedZoner,PlayerMeleeBurst,PlayerCCDebuffer,167,2500,0.00,0.17,1.00,2,10,6
122,BossLose,62.1,BossRangedZoner,PlayerHybridSurvivor,PlayerTrainingSkillPool,289,2500,0.00,0.55,0.00,3,18,1
123,BossLose,90.0,BossMeleeAggro,PlayerCCDebuffer,PlayerMeleeBurst,316,968,0.61,0.00,0.42,8,7,1
124,BossLose,90.0,BossTankSustain,PlayerCCDebuffer,PlayerHybridSurvivor,200,2049,0.18,0.00,1.00,3,8,8
125,BossLose,90.0,BossRangedZoner,PlayerHybridSurvivor,PlayerHybridSurvivor,149,2258,0.10,0.65,0.60,0,16,0
126,BossWin,30.3,BossRangedZoner,PlayerCCDebuffer,PlayerMeleeBurst,400,334,0.87,0.00,0.00,5,2,1
127,BossLose,90.0,BossRangedZoner,PlayerCCDebuffer,PlayerMeleeBurst,377,2363,0.05,0.00,0.11,6,7,12
128,BossWin,87.3,BossMeleeAggro,PlayerHybridSurvivor,PlayerHybridSurvivor,400,1327,0.47,0.00,0.00,7,2,8
129,BossWin,50.4,BossRangedZoner,PlayerHybridSurvivor,PlayerTrainingSkillPool,400,395,0.84,0.00,0.00,6,3,1
130,BossLose,90.0,BossMeleeAggro,PlayerHybridSurvivor,PlayerCCDebuffer,274,1914,0.23,0.00,0.63,3,5,15
131,BossLose,90.0,BossMeleeAggro,PlayerMeleeBurst,PlayerCCDebuffer,200,1713,0.32,0.00,1.00,10,4,15
132,BossWin,70.2,BossMeleeAggro,PlayerMeleeBurst,PlayerCCDebuffer,400,1919,0.23,0.00,0.00,7,8,10
133,BossLose,63.5,BossRangedZoner,PlayerHybridSurvivor,PlayerTrainingSkillPool,185,2500,0.00,0.07,1.00,1,14,9
134,BossLose,55.7,BossRangedZoner,PlayerTrainingSkillPool,PlayerCCDebuffer,108,2500,0.00,0.46,1.00,2,12,11
135,BossLose,90.0,BossMeleeAggro,PlayerMeleeBurst,PlayerCCDebuffer,278,1392,0.44,0.00,0.61,5,3,15
136,BossLose,90.0,BossTankSustain,PlayerTrainingSkillPool,PlayerHybridSurvivor,74,1837,0.27,0.63,1.00,2,17,5
137,BossLose,90.0,BossMeleeAggro,PlayerHybridSurvivor,PlayerMeleeBurst,237,1852,0.26,0.00,0.82,3,2,11
138,BossLose,90.0,BossTankSustain,PlayerTrainingSkillPool,PlayerHybridSurvivor,71,1494,0.40,1.00,0.65,2,11,0
139,BossLose,90.0,BossRangedZoner,PlayerCCDebuffer,PlayerMeleeBurst,321,1872,0.25,0.00,0.39,9,2,10
140,BossLose,90.0,BossTankSustain,PlayerCCDebuffer,PlayerTrainingSkillPool,200,780,0.69,0.00,1.00,1,12,9
141,BossLose,90.0,BossMeleeAggro,PlayerTrainingSkillPool,PlayerMeleeBurst,56,1945,0.22,0.72,1.00,0,20,2
142,BossLose,90.0,BossMeleeAggro,PlayerCCDebuffer,PlayerMeleeBurst,320,713,0.71,0.00,0.40,4,2,4
143,BossLose,40.5,BossRangedZoner,PlayerMeleeBurst,PlayerHybridSurvivor,355,2500,0.00,0.11,0.11,2,11,3
144,BossLose,56.2,BossTankSustain,PlayerMeleeBurst,PlayerMeleeBurst,186,2500,0.00,0.07,1.00,2,16,3
145,BossWin,41.6,BossRangedZoner,PlayerMeleeBurst,PlayerHybridSurvivor,400,749,0.70,0.00,0.00,5,7,0
146,BossWin,81.5,BossMeleeAggro,PlayerTrainingSkillPool,PlayerCCDebuffer,400,2056,0.18,0.00,0.00,10,3,18
147,BossWin,63.8,BossTankSustain,PlayerMeleeBurst,PlayerTrainingSkillPool,400,1994,0.20,0.00,0.00,6,16,2
148,BossWin,50.8,BossMeleeAggro,PlayerMeleeBurst,PlayerHybridSurvivor,400,803,0.68,0.00,0.00,4,1,4
149,BossLose,81.1,BossRangedZoner,PlayerTrainingSkillPool,PlayerTrainingSkillPool,341,2500,0.00,0.00,0.29,4,4,12
150,BossWin,55.7,BossMeleeAggro,PlayerMeleeBurst,PlayerCCDebuffer,400,606,0.76,0.00,0.00,5,2,9
151,BossWin,55.8,BossMeleeAggro,PlayerCCDebuffer,PlayerTrainingSkillPool,400,1292,0.48,0.00,0.00,6,4,12
152,BossLose,90.0,BossRangedZoner,PlayerTrainingSkillPool,PlayerCCDebuffer,279,2468,0.01,0.00,0.61,6,12,19
153,BossLose,90.0,BossMeleeAggro,PlayerHybridSurvivor,PlayerCCDebuffer,200,2457,0.02,0.00,1.00,2,5,15
154,BossWin,66.6,BossMeleeAggro,PlayerCCDebuffer,PlayerHybridSurvivor,400,910,0.64,0.00,0.00,6,9,3
155,BossLose,79.7,BossRangedZoner,PlayerHybridSurvivor,PlayerCCDebuffer,200,2500,0.00,0.00,1.00,5,7,17
156,BossLose,90.0,BossMeleeAggro,PlayerTrainingSkillPool,PlayerMeleeBurst,362,1847,0.26,0.00,0.19,9,3,7
157,BossLose,81.5,BossTankSustain,PlayerCCDebuffer,PlayerMeleeBurst,83,2500,0.00,1.00,0.59,2,16,6
158,BossLose,56.3,BossTankSustain,PlayerTrainingSkillPool,PlayerMeleeBurst,0,2500,0.00,1.00,1.00,0,8,8
159,BossLose,78.4,BossMeleeAggro,PlayerCCDebuffer,PlayerTrainingSkillPool,152,2500,0.00,0.80,0.44,1,16,14
160,BossLose,86.1,BossMeleeAggro,PlayerCCDebuffer,PlayerCCDebuffer,331,2500,0.00,0.00,0.35,3,21,18
161,BossWin,24.3,BossTankSustain,PlayerMeleeBurst,PlayerMeleeBurst,400,660,0.74,0.00,0.00,3,5,2
162,BossLose,90.0,BossTankSustain,PlayerTrainingSkillPool,PlayerHybridSurvivor,222,1058,0.58,0.00,0.89,4,9,2
163,BossLose,64.5,BossRangedZoner,PlayerMeleeBurst,PlayerTrainingSkillPool,195,2500,0.00,0.13,0.90,3,15,6
164,BossWin,30.7,BossRangedZoner,PlayerMeleeBurst,PlayerTrainingSkillPool,400,635,0.75,0.00,0.00,4,2,4
165,BossLose,90.0,BossRangedZoner,PlayerTrainingSkillPool,PlayerTrainingSkillPool,363,652,0.74,0.00,0.18,13,2,11
166,BossLose,90.0,BossMeleeAggro,PlayerMeleeBurst,PlayerTrainingSkillPool,200,1815,0.27,0.00,1.00,8,3,12
167,BossLose,59.0,BossTankSustain,PlayerHybridSurvivor,PlayerCCDebuffer,200,2500,0.00,0.00,1.00,2,8,14
168,BossLose,90.0,BossTankSustain,PlayerHybridSurvivor,PlayerHybridSurvivor,286,1936,0.23,0.00,0.57,2,4,8
169,BossLose,90.0,BossRangedZoner,PlayerTrainingSkillPool,PlayerMeleeBurst,343,910,0.64,0.00,0.28,3,1,6
170,BossLose,81.5,BossRangedZoner,PlayerTrainingSkillPool,PlayerHybridSurvivor,82,2500,0.00,0.59,1.00,0,14,6
171,BossLose,82.7,BossRangedZoner,PlayerCCDebuffer,PlayerCCDebuffer,291,2500,0.00,0.00,0.55,3,13,17
172,BossLose,90.0,BossTankSustain,PlayerCCDebuffer,PlayerMeleeBurst,200,2056,0.18,0.00,1.00,2,15,9
173,BossWin,30.2,BossRangedZoner,PlayerHybridSurvivor,PlayerHybridSurvivor,400,803,0.68,0.00,0.00,4,4,1
174,BossWin,54.4,BossMeleeAggro,PlayerHybridSurvivor,PlayerCCDebuffer,400,1296,0.48,0.00,0.00,4,3,7
175,BossLose,90.0,BossMeleeAggro,PlayerHybridSurvivor,PlayerMeleeBurst,200,455,0.82,0.00,1.00,5,3,1
176,BossWin,45.4,BossMeleeAggro,PlayerTrainingSkillPool,PlayerMeleeBurst,400,1295,0.48,0.00,0.00,4,6,4
177,BossLose,90.0,BossTankSustain,PlayerHybridSurvivor,PlayerHybridSurvivor,204,1268,0.49,0.00,0.98,0,3,8
178,BossLose,90.0,BossRangedZoner,PlayerTrainingSkillPool,PlayerTrainingSkillPool,92,2255,0.10,0.62,0.92,1,18,6
179,BossWin,21.6,BossMeleeAggro,PlayerHybridSurvivor,PlayerTrainingSkillPool,400,668,0.73,0.00,0.00,4,1,3
180,BossLose,90.0,BossRangedZoner,PlayerCCDebuffer,PlayerHybridSurvivor,332,1803,0.28,0.00,0.34,4,9,6
181,BossLose,90.0,BossMeleeAggro,PlayerTrainingSkillPool,PlayerCCDebuffer,200,1057,0.58,0.00,1.00,13,3,8
182,BossLose,70.9,BossTankSustain,PlayerCCDebuffer,PlayerCCDebuffer,113,2500,0.00,0.44,1.00,1,15,11
183,BossLose,81.5,BossTankSustain,PlayerCCDebuffer,PlayerMeleeBurst,194,2500,0.00,0.55,0.48,2,19,7
184,BossLose,69.0,BossTankSustain,PlayerTrainingSkillPool,PlayerTrainingSkillPool,147,2500,0.00,0.45,0.82,2,13,1
185,BossWin,50.4,BossMeleeAggro,PlayerTrainingSkillPool,PlayerCCDebuffer,400,929,0.63,0.00,0.00,6,5,9
186,BossLose,44.3,BossMeleeAggro,PlayerMeleeBurst,PlayerCCDebuffer,137,2500,0.00,0.32,1.00,1,11,9
187,BossLose,90.0,BossRangedZoner,PlayerHybridSurvivor,PlayerMeleeBurst,145,1005,0.60,0.29,0.99,3,8,3
188,BossLose,90.0,BossTankSustain,PlayerHybridSurvivor,PlayerMeleeBurst,200,1036,0.59,0.00,1.00,5,4,4
189,BossLose,90.0,BossTankSustain,PlayerCCDebuffer,PlayerCCDebuffer,200,2154,0.14,0.00,1.00,3,12,12
190,BossLose,48.3,BossRangedZoner,PlayerMeleeBurst,PlayerMeleeBurst,30,2500,0.00,0.85,1.00,1,14,4
191,BossWin,74.3,BossMeleeAggro,PlayerHybridSurvivor,PlayerMeleeBurst,400,540,0.78,0.00,0.00,5,1,4
192,BossLose,72.4,BossMeleeAggro,PlayerMeleeBurst,PlayerTrainingSkillPool,241,2500,0.00,0.00,0.79,7,2,13
193,BossWin,46.1,BossTankSustain,PlayerMeleeBurst,PlayerHybridSurvivor,400,1555,0.38,0.00,0.00,4,9,2
194,BossLose,64.8,BossTankSustain,PlayerMeleeBurst,PlayerHybridSurvivor,222,2500,0.00,0.23,0.66,2,12,4
195,BossLose,63.9,BossRangedZoner,PlayerCCDebuffer,PlayerMeleeBurst,61,2500,0.00,0.70,1.00,0,16,7
196,BossWin,86.4,BossTankSustain,PlayerMeleeBurst,PlayerCCDebuffer,400,1793,0.28,0.00,0.00,4,7,13
197,BossLose,90.0,BossMeleeAggro,PlayerTrainingSkillPool,PlayerHybridSurvivor,200,1346,0.46,0.00,1.00,2,4,5
198,BossLose,90.0,BossMeleeAggro,PlayerCCDebuffer,PlayerCCDebuffer,286,1118,0.55,0.00,0.57,6,1,11
199,BossLose,90.0,BossMeleeAggro,PlayerTrainingSkillPool,PlayerHybridSurvivor,277,90,0.96,0.00,0.61,3,1,0
200,BossWin,69.1,BossTankSustain,PlayerCCDebuffer,PlayerTrainingSkillPool,400,1317,0.47,0.00,0.00,4,11,3
201,BossLose,57.4,BossRangedZoner,PlayerCCDebuffer,PlayerTrainingSkillPool,115,2500,0.00,0.68,0.75,1,13,6
202,BossLose,90.0,BossRangedZoner,PlayerHybridSurvivor,PlayerMeleeBurst,286,1957,0.22,0.00,0.57,6,1,11
203,BossLose,90.0,BossTankSustain,PlayerTrainingSkillPool,PlayerHybridSurvivor,181,926,0.63,0.25,0.84,2,3,3
204,BossLose,80.4,BossTankSustain,PlayerHybridSurvivor,PlayerMeleeBurst,355,2500,0.00,0.22,0.00,4,18,6
205,BossWin,51.2,BossRangedZoner,PlayerCCDebuffer,PlayerHybridSurvivor,400,694,0.72,0.00,0.00,6,4,1
206,BossLose,73.0,BossTankSustain,PlayerMeleeBurst,PlayerTrainingSkillPool,230,2500,0.00,0.26,0.58,2,15,11
207,BossLose,90.0,BossRangedZoner,PlayerHybridSurvivor,PlayerHybridSurvivor,344,125,0.95,0.00,0.28,5,0,1
208,BossLose,90.0,BossMeleeAggro,PlayerTrainingSkillPool,PlayerMeleeBurst,226,1408,0.44,0.00,0.87,3,3,6
209,BossLose,90.0,BossRangedZoner,PlayerHybridSurvivor,PlayerTrainingSkillPool,359,1278,0.49,0.00,0.21,9,1,8
210,BossLose,90.0,BossRangedZoner,PlayerHybridSurvivor,PlayerMeleeBurst,184,1275,0.49,0.08,1.00,0,10,5
211,BossLose,90.0,BossMeleeAggro,PlayerTrainingSkillPool,PlayerTrainingSkillPool,200,1476,0.41,0.00,1.00,5,7,10
212,BossLose,90.0,BossRangedZoner,PlayerMeleeBurst,PlayerTrainingSkillPool,360,1449,0.42,0.00,0.20,9,3,8
213,BossLose,72.4,BossRangedZoner,PlayerTrainingSkillPool,PlayerTrainingSkillPool,292,2500,0.00,0.00,0.54,5,17,4
214,BossLose,90.0,BossMeleeAggro,PlayerTrainingSkillPool,PlayerHybridSurvivor,200,0,1.00,0.00,1.00,7,0,0
215,BossLose,90.0,BossTankSustain,PlayerHybridSurvivor,PlayerMeleeBurst,201,1841,0.26,0.00,0.99,0,2,9
216,BossLose,90.0,BossRangedZoner,PlayerCCDebuffer,PlayerMeleeBurst,226,2292,0.08,0.00,0.87,6,13,9
217,BossLose,70.5,BossRangedZoner,PlayerCCDebuffer,PlayerCCDebuffer,223,2500,0.00,0.00,0.88,4,14,10
218,BossLose,90.0,BossMeleeAggro,PlayerCCDebuffer,PlayerCCDebuffer,342,1205,0.52,0.00,0.29,7,2,17
219,BossLose,64.4,BossMeleeAggro,PlayerCCDebuffer,PlayerCCDebuffer,280,2500,0.00,0.15,0.45,2,16,15
220,BossWin,81.7,BossRangedZoner,PlayerHybridSurvivor,PlayerTrainingSkillPool,400,415,0.83,0.00,0.00,8,1,7
221,BossWin,46.1,BossMeleeAggro,PlayerMeleeBurst,PlayerHybridSurvivor,400,1367,0.45,0.00,0.00,5,7,2
222,BossLose,54.6,BossRangedZoner,PlayerMeleeBurst,PlayerMeleeBurst,180,2500,0.00,0.30,0.80,4,12,4
223,BossLose,90.0,BossMeleeAggro,PlayerMeleeBurst,PlayerCCDebuffer,270,2451,0.02,0.00,0.65,7,9,12
224,BossWin,50.2,BossRangedZoner,PlayerMeleeBurst,PlayerTrainingSkillPool,400,1850,0.26,0.00,0.00,6,9,3
225,BossLose,90.0,BossMeleeAggro,PlayerMeleeBurst,PlayerTrainingSkillPool,259,1178,0.53,0.00,0.71,3,7,3
226,BossLose,81.5,BossRangedZoner,PlayerHybridSurvivor,PlayerTrainingSkillPool,219,2500,0.00,0.00,0.90,5,10,7
227,BossLose,90.0,BossTankSustain,PlayerCCDebuffer,PlayerTrainingSkillPool,75,1513,0.39,0.66,0.97,0,22,2
228,BossLose,61.2,BossTankSustain,PlayerTrainingSkillPool,PlayerHybridSurvivor,200,2500,0.00,0.00,1.00,2,14,6
229,BossWin,42.1,BossMeleeAggro,PlayerMeleeBurst,PlayerMeleeBurst,400,305,0.88,0.00,0.00,5,2,1
230,BossLose,90.0,BossMeleeAggro,PlayerCCDebuffer,PlayerMeleeBurst,274,387,0.85,0.00,0.63,11,2,2
231,BossLose,84.0,BossTankSustain,PlayerTrainingSkillPool,PlayerHybridSurvivor,193,2500,0.00,0.15,0.88,0,12,8
232,BossLose,90.0,BossRangedZoner,PlayerCCDebuffer,PlayerCCDebuffer,257,1614,0.35,0.00,0.71,3,6,13
233,BossLose,60.6,BossRangedZoner,PlayerCCDebuffer,PlayerTrainingSkillPool,41,2500,0.00,0.79,1.00,0,15,10
234,BossWin,51.4,BossRangedZoner,PlayerMeleeBurst,PlayerHybridSurvivor,400,1393,0.44,0.00,0.00,5,4,5
235,BossWin,10.5,BossMeleeAggro,PlayerCCDebuffer,PlayerTrainingSkillPool,400,370,0.85,0.00,0.00,2,2,2
236,BossLose,90.0,BossTankSustain,PlayerHybridSurvivor,PlayerMeleeBurst,307,1307,0.48,0.00,0.47,4,9,1
237,BossWin,49.9,BossMeleeAggro,PlayerHybridSurvivor,PlayerHybridSurvivor,400,1194,0.52,0.00,0.00,5,7,1
238,BossLose,90.0,BossRangedZoner,PlayerHybridSurvivor,PlayerTrainingSkillPool,332,2330,0.07,0.00,0.34,8,4,19
239,BossWin,31.2,BossMeleeAggro,PlayerHybridSurvivor,PlayerTrainingSkillPool,400,769,0.69,0.00,0.00,3,3,4
240,BossLose,90.0,BossRangedZoner,PlayerHybridSurvivor,PlayerTrainingSkillPool,209,2158,0.14,0.00,0.96,4,7,9
241,BossWin,50.3,BossMeleeAggro,PlayerTrainingSkillPool,PlayerMeleeBurst,400,1063,0.57,0.00,0.00,6,4,2
242,BossLose,90.0,BossTankSustain,PlayerHybridSurvivor,PlayerMeleeBurst,200,1857,0.26,0.00,1.00,0,3,13
243,BossWin,31.5,BossMeleeAggro,PlayerMeleeBurst,PlayerHybridSurvivor,400,1590,0.36,0.00,0.00,2,7,5
244,BossLose,73.8,BossTankSustain,PlayerMeleeBurst,PlayerTrainingSkillPool,136,2500,0.00,0.91,0.41,0,19,6
245,BossLose,90.0,BossTankSustain,PlayerHybridSurvivor,PlayerTrainingSkillPool,210,1175,0.53,0.00,0.95,4,8,1
246,BossLose,86.3,BossRangedZoner,PlayerHybridSurvivor,PlayerCCDebuffer,318,2500,0.00,0.00,0.41,8,4,24
247,BossLose,58.2,BossTankSustain,PlayerTrainingSkillPool,PlayerHybridSurvivor,345,2500,0.00,0.11,0.17,2,16,2
248,BossLose,71.2,BossTankSustain,PlayerMeleeBurst,PlayerHybridSurvivor,228,2500,0.00,0.71,0.15,3,16,2
249,BossLose,90.0,BossRangedZoner,PlayerMeleeBurst,PlayerHybridSurvivor,213,2072,0.17,0.00,0.93,10,4,7
250,BossLose,90.0,BossRangedZoner,PlayerMeleeBurst,PlayerCCDebuffer,200,1730,0.31,0.00,1.00,4,3,19
251,BossLose,90.0,BossRangedZoner,PlayerHybridSurvivor,PlayerHybridSurvivor,192,1265,0.49,0.50,0.54,3,9,0
252,BossWin,31.8,BossRangedZoner,PlayerTrainingSkillPool,PlayerTrainingSkillPool,400,1015,0.59,0.00,0.00,5,4,3
253,BossLose,90.0,BossRangedZoner,PlayerCCDebuffer,PlayerCCDebuffer,200,1674,0.33,0.00,1.00,5,8,9
254,BossLose,90.0,BossTankSustain,PlayerTrainingSkillPool,PlayerMeleeBurst,200,1089,0.56,0.00,1.00,3,4,7
255,BossLose,90.0,BossTankSustain,PlayerMeleeBurst,PlayerMeleeBurst,9,1745,0.30,0.95,1.00,0,18,2
256,BossWin,63.7,BossMeleeAggro,PlayerHybridSurvivor,PlayerMeleeBurst,400,1704,0.32,0.00,0.00,5,4,7
257,BossLose,90.0,BossMeleeAggro,PlayerHybridSurvivor,PlayerTrainingSkillPool,200,595,0.76,0.00,1.00,3,4,3
258,BossLose,55.9,BossTankSustain,PlayerMeleeBurst,PlayerHybridSurvivor,40,2500,0.00,1.00,0.80,0,14,3
259,BossLose,90.0,BossRangedZoner,PlayerCCDebuffer,PlayerCCDebuffer,233,2170,0.13,0.00,0.84,0,20,14
260,BossLose,90.0,BossRangedZoner,PlayerTrainingSkillPool,PlayerHybridSurvivor,171,1485,0.41,0.17,0.98,0,18,3
261,BossLose,90.0,BossRangedZoner,PlayerMeleeBurst,PlayerTrainingSkillPool,200,1920,0.23,0.00,1.00,3,9,14
262,BossLose,90.0,BossRangedZoner,PlayerTrainingSkillPool,PlayerMeleeBurst,263,1169,0.53,0.00,0.68,4,5,5
263,BossLose,61.5,BossMeleeAggro,PlayerHybridSurvivor,PlayerHybridSurvivor,287,2500,0.00,0.33,0.24,2,9,7
264,BossLose,90.0,BossRangedZoner,PlayerHybridSurvivor,PlayerMeleeBurst,226,1702,0.32,0.32,0.55,4,7,6
265,BossLose,90.0,BossRangedZoner,PlayerTrainingSkillPool,PlayerHybridSurvivor,200,1566,0.37,0.00,1.00,4,10,2
266,BossLose,90.0,BossRangedZoner,PlayerTrainingSkillPool,PlayerMeleeBurst,13,728,0.71,0.94,1.00,2,8,1
267,BossLose,90.0,BossTankSustain,PlayerTrainingSkillPool,PlayerCCDebuffer,222,1138,0.54,0.00,0.89,0,8,15
268,BossLose,90.0,BossMeleeAggro,PlayerTrainingSkillPool,PlayerHybridSurvivor,286,1583,0.37,0.00,0.57,4,4,7
269,BossLose,90.0,BossRangedZoner,PlayerHybridSurvivor,PlayerHybridSurvivor,258,1463,0.41,0.00,0.71,4,6,4
270,BossWin,86.3,BossTankSustain,PlayerTrainingSkillPool,PlayerCCDebuffer,400,1868,0.25,0.00,0.00,3,8,15
271,BossLose,87.7,BossTankSustain,PlayerCCDebuffer,PlayerTrainingSkillPool,40,2500,0.00,0.80,1.00,1,25,1
272,BossLose,90.0,BossMeleeAggro,PlayerTrainingSkillPool,PlayerHybridSurvivor,200,497,0.80,0.00,1.00,4,5,1
273,BossWin,61.8,BossMeleeAggro,PlayerCCDebuffer,PlayerCCDebuffer,400,946,0.62,0.00,0.00,9,1,9
274,BossLose,90.0,BossRangedZoner,PlayerTrainingSkillPool,PlayerTrainingSkillPool,200,2498,0.00,0.00,1.00,5,11,13
275,BossLose,90.0,BossTankSustain,PlayerHybridSurvivor,PlayerMeleeBurst,161,1732,0.31,0.19,1.00,0,8,4
276,BossWin,58.7,BossTankSustain,PlayerMeleeBurst,PlayerMeleeBurst,400,1519,0.39,0.00,0.00,2,6,5
277,BossWin,59.6,BossMeleeAggro,PlayerTrainingSkillPool,PlayerTrainingSkillPool,400,1010,0.60,0.00,0.00,3,8,1
278,BossLose,90.0,BossRangedZoner,PlayerHybridSurvivor,PlayerMeleeBurst,200,1382,0.45,0.00,1.00,7,10,1
279,BossLose,90.0,BossTankSustain,PlayerHybridSurvivor,PlayerHybridSurvivor,200,930,0.63,0.00,1.00,2,6,2
280,BossWin,51.4,BossRangedZoner,PlayerCCDebuffer,PlayerCCDebuffer,400,1070,0.57,0.00,0.00,5,4,8
281,BossLose,90.0,BossMeleeAggro,PlayerMeleeBurst,PlayerTrainingSkillPool,200,1503,0.40,0.00,1.00,2,6,7
282,BossLose,79.7,BossRangedZoner,PlayerMeleeBurst,PlayerMeleeBurst,156,2500,0.00,0.54,0.68,1,16,1
283,BossLose,90.0,BossRangedZoner,PlayerCCDebuffer,PlayerCCDebuffer,200,1811,0.28,0.00,1.00,5,5,15
284,BossLose,71.5,BossTankSustain,PlayerMeleeBurst,PlayerHybridSurvivor,10,2500,0.00,0.95,1.00,1,14,2
285,BossWin,56.6,BossMeleeAggro,PlayerTrainingSkillPool,PlayerTrainingSkillPool,400,1033,0.59,0.00,0.00,6,6,5
286,BossLose,90.0,BossTankSustain,PlayerCCDebuffer,PlayerCCDebuffer,170,1727,0.31,0.33,0.82,1,20,13
287,BossLose,90.0,BossMeleeAggro,PlayerHybridSurvivor,PlayerCCDebuffer,300,1387,0.45,0.00,0.50,4,3,20
288,BossWin,47.2,BossRangedZoner,PlayerCCDebuffer,PlayerCCDebuffer,400,1160,0.54,0.00,0.00,5,11,6
289,BossLose,90.0,BossRangedZoner,PlayerCCDebuffer,PlayerCCDebuffer,256,2187,0.13,0.00,0.72,3,16,13
290,BossLose,90.0,BossMeleeAggro,PlayerCCDebuffer,PlayerCCDebuffer,286,842,0.66,0.00,0.57,3,1,13
291,BossLose,75.1,BossTankSustain,PlayerMeleeBurst,PlayerMeleeBurst,83,2500,0.00,0.58,1.00,0,22,3
292,BossLose,90.0,BossTankSustain,PlayerTrainingSkillPool,PlayerHybridSurvivor,0,2024,0.19,1.00,1.00,0,16,2
293,BossLose,48.3,BossTankSustain,PlayerMeleeBurst,PlayerHybridSurvivor,142,2500,0.00,0.29,1.00,0,10,4
294,BossLose,72.7,BossMeleeAggro,PlayerMeleeBurst,PlayerMeleeBurst,87,2500,0.00,1.00,0.56,1,15,1
295,BossLose,49.7,BossMeleeAggro,PlayerMeleeBurst,PlayerCCDebuffer,83,2500,0.00,0.59,1.00,1,10,8
296,BossWin,47.5,BossRangedZoner,PlayerTrainingSkillPool,PlayerMeleeBurst,400,1003,0.60,0.00,0.00,4,3,5
297,BossLose,57.5,BossMeleeAggro,PlayerMeleeBurst,PlayerCCDebuffer,262,2500,0.00,0.21,0.48,2,17,6
298,BossLose,70.3,BossRangedZoner,PlayerCCDebuffer,PlayerCCDebuffer,94,2500,0.00,0.53,1.00,0,19,14
299,BossWin,60.4,BossRangedZoner,PlayerHybridSurvivor,PlayerTrainingSkillPool,400,692,0.72,0.00,0.00,5,2,8
300,BossLose,42.5,BossRangedZoner,PlayerMeleeBurst,PlayerTrainingSkillPool,129,2500,0.00,0.92,0.43,2,10,4
301,BossLose,90.0,BossRangedZoner,PlayerMeleeBurst,PlayerHybridSurvivor,200,1598,0.36,0.00,1.00,4,6,5
302,BossLose,55.8,BossTankSustain,PlayerMeleeBurst,PlayerHybridSurvivor,80,2500,0.00,0.60,1.00,0,13,3
303,BossLose,90.0,BossRangedZoner,PlayerCCDebuffer,PlayerHybridSurvivor,200,510,0.80,0.00,1.00,4,7,1
304,BossLose,90.0,BossRangedZoner,PlayerHybridSurvivor,PlayerTrainingSkillPool,200,1653,0.34,0.00,1.00,6,5,12
305,BossWin,73.5,BossTankSustain,PlayerTrainingSkillPool,PlayerTrainingSkillPool,400,1307,0.48,0.00,0.00,5,4,7
306,BossLose,79.4,BossTankSustain,PlayerMeleeBurst,PlayerTrainingSkillPool,200,2500,0.00,0.00,1.00,1,15,6
307,BossLose,61.2,BossMeleeAggro,PlayerHybridSurvivor,PlayerHybridSurvivor,153,2500,0.00,0.42,0.82,1,11,6
308,BossLose,78.8,BossTankSustain,PlayerCCDebuffer,PlayerHybridSurvivor,147,2500,0.00,0.35,0.92,0,16,6
309,BossLose,89.8,BossTankSustain,PlayerCCDebuffer,PlayerMeleeBurst,28,2500,0.00,0.86,1.00,1,22,6
310,BossLose,90.0,BossRangedZoner,PlayerTrainingSkillPool,PlayerTrainingSkillPool,200,967,0.61,0.00,1.00,6,7,3
311,BossLose,55.9,BossMeleeAggro,PlayerTrainingSkillPool,PlayerCCDebuffer,138,2500,0.00,0.33,0.98,1,15,10
312,BossLose,90.0,BossTankSustain,PlayerHybridSurvivor,PlayerTrainingSkillPool,200,1687,0.33,0.00,1.00,2,2,8
313,BossLose,90.0,BossRangedZoner,PlayerHybridSurvivor,PlayerMeleeBurst,269,185,0.93,0.00,0.66,8,0,2
314,BossWin,40.3,BossRangedZoner,PlayerCCDebuffer,PlayerCCDebuffer,400,624,0.75,0.00,0.00,4,3,5
315,BossLose,60.3,BossRangedZoner,PlayerMeleeBurst,PlayerHybridSurvivor,141,2500,0.00,0.29,1.00,0,16,1
316,BossLose,55.7,BossTankSustain,PlayerMeleeBurst,PlayerMeleeBurst,163,2500,0.00,0.70,0.49,1,13,3
317,BossLose,90.0,BossRangedZoner,PlayerHybridSurvivor,PlayerHybridSurvivor,194,2088,0.16,0.03,1.00,3,17,0
318,BossWin,75.2,BossRangedZoner,PlayerCCDebuffer,PlayerHybridSurvivor,400,1014,0.59,0.00,0.00,6,9,1
319,BossLose,57.1,BossTankSustain,PlayerMeleeBurst,PlayerHybridSurvivor,160,2500,0.00,0.20,1.00,0,14,4
320,BossWin,15.2,BossMeleeAggro,PlayerCCDebuffer,PlayerHybridSurvivor,400,681,0.73,0.00,0.00,3,2,2
321,BossLose,90.0,BossTankSustain,PlayerTrainingSkillPool,PlayerMeleeBurst,258,1633,0.35,0.00,0.71,3,3,9
322,BossLose,90.0,BossRangedZoner,PlayerHybridSurvivor,PlayerHybridSurvivor,221,2162,0.14,0.00,0.90,1,11,8
323,BossLose,90.0,BossTankSustain,PlayerTrainingSkillPool,PlayerCCDebuffer,200,1022,0.59,0.00,1.00,2,3,11
324,BossWin,53.4,BossTankSustain,PlayerHybridSurvivor,PlayerCCDebuffer,400,1420,0.43,0.00,0.00,3,8,5
325,BossWin,77.8,BossRangedZoner,PlayerTrainingSkillPool,PlayerTrainingSkillPool,400,578,0.77,0.00,0.00,11,1,7
326,BossLose,90.0,BossRangedZoner,PlayerMeleeBurst,PlayerMeleeBurst,326,1074,0.57,0.00,0.37,7,7,2
327,BossWin,58.1,BossRangedZoner,PlayerMeleeBurst,PlayerMeleeBurst,400,1661,0.34,0.00,0.00,6,11,1
328,BossLose,90.0,BossTankSustain,PlayerHybridSurvivor,PlayerHybridSurvivor,200,1859,0.26,0.00,1.00,0,6,7
329,BossLose,73.1,BossTankSustain,PlayerHybridSurvivor,PlayerCCDebuffer,216,2500,0.00,0.92,0.00,0,13,12
330,BossLose,90.0,BossMeleeAggro,PlayerHybridSurvivor,PlayerMeleeBurst,200,1410,0.44,0.00,1.00,3,4,6
331,BossLose,90.0,BossRangedZoner,PlayerTrainingSkillPool,PlayerTrainingSkillPool,212,1644,0.34,0.00,0.94,8,3,7
332,BossLose,90.0,BossMeleeAggro,PlayerMeleeBurst,PlayerMeleeBurst,342,2153,0.14,0.00,0.29,4,7,6
333,BossWin,39.7,BossMeleeAggro,PlayerCCDebuffer,PlayerCCDebuffer,400,1054,0.58,0.00,0.00,3,5,7
334,BossLose,82.3,BossTankSustain,PlayerTrainingSkillPool,PlayerHybridSurvivor,200,2500,0.00,0.00,1.00,2,14,6
335,BossWin,78.5,BossMeleeAggro,PlayerCCDebuffer,PlayerCCDebuffer,400,1245,0.50,0.00,0.00,7,3,13
336,BossLose,90.0,BossTankSustain,PlayerMeleeBurst,PlayerCCDebuffer,205,1295,0.48,0.00,0.97,3,8,10
337,BossLose,90.0,BossMeleeAggro,PlayerMeleeBurst,PlayerTrainingSkillPool,238,1887,0.25,0.00,0.81,4,9,6
338,BossWin,21.6,BossMeleeAggro,PlayerCCDebuffer,PlayerTrainingSkillPool,400,310,0.88,0.00,0.00,2,4,0
339,BossLose,90.0,BossRangedZoner,PlayerTrainingSkillPool,PlayerTrainingSkillPool,205,1770,0.29,0.00,0.97,5,11,10
340,BossLose,90.0,BossRangedZoner,PlayerHybridSurvivor,PlayerCCDebuffer,213,1765,0.29,0.00,0.93,8,5,19
341,BossLose,90.0,BossTankSustain,PlayerCCDebuffer,PlayerHybridSurvivor,106,2175,0.13,0.47,1.00,2,23,8
342,BossLose,90.0,BossMeleeAggro,PlayerCCDebuffer,PlayerTrainingSkillPool,316,1718,0.31,0.00,0.42,2,2,10
343,BossLose,90.0,BossRangedZoner,PlayerMeleeBurst,PlayerHybridSurvivor,200,1266,0.49,0.00,1.00,5,3,6
344,BossWin,50.1,BossRangedZoner,PlayerCCDebuffer,PlayerHybridSurvivor,400,1082,0.57,0.00,0.00,7,5,4
345,BossLose,90.0,BossMeleeAggro,PlayerCCDebuffer,PlayerCCDebuffer,252,1269,0.49,0.00,0.74,8,4,13
346,BossLose,90.0,BossMeleeAggro,PlayerMeleeBurst,PlayerHybridSurvivor,228,689,0.72,0.00,0.86,4,4,1
347,BossLose,90.0,BossMeleeAggro,PlayerTrainingSkillPool,PlayerTrainingSkillPool,287,2394,0.04,0.00,0.57,4,7,13
348,BossLose,90.0,BossTankSustain,PlayerCCDebuffer,PlayerHybridSurvivor,200,673,0.73,0.00,1.00,2,11,0
349,BossLose,89.6,BossRangedZoner,PlayerTrainingSkillPool,PlayerCCDebuffer,150,2500,0.00,0.25,1.00,3,20,18
350,BossLose,90.0,BossMeleeAggro,PlayerMeleeBurst,PlayerHybridSurvivor,228,1763,0.29,0.00,0.86,4,10,5
351,BossLose,90.0,BossTankSustain,PlayerHybridSurvivor,PlayerTrainingSkillPool,302,1721,0.31,0.00,0.49,5,6,16
352,BossLose,90.0,BossRangedZoner,PlayerTrainingSkillPool,PlayerMeleeBurst,286,1581,0.37,0.00,0.57,8,4,7
353,BossLose,90.0,BossRangedZoner,PlayerTrainingSkillPool,PlayerHybridSurvivor,200,2207,0.12,0.00,1.00,0,13,7
354,BossLose,90.0,BossTankSustain,PlayerCCDebuffer,PlayerMeleeBurst,200,95,0.96,0.00,1.00,2,0,1
355,BossLose,90.0,BossTankSustain,PlayerHybridSurvivor,PlayerHybridSurvivor,228,1141,0.54,0.00,0.86,4,2,6
356,BossLose,39.9,BossTankSustain,PlayerMeleeBurst,PlayerMeleeBurst,175,2500,0.00,1.00,0.13,2,11,5
357,BossLose,90.0,BossTankSustain,PlayerHybridSurvivor,PlayerCCDebuffer,297,1023,0.59,0.00,0.52,4,1,14
358,BossWin,76.3,BossTankSustain,PlayerCCDebuffer,PlayerHybridSurvivor,400,1759,0.30,0.00,0.00,2,8,7
359,BossLose,90.0,BossRangedZoner,PlayerTrainingSkillPool,PlayerTrainingSkillPool,274,1832,0.27,0.00,0.63,9,4,13
360,BossLose,90.0,BossMeleeAggro,PlayerCCDebuffer,PlayerHybridSurvivor,286,211,0.92,0.00,0.57,8,2,1
361,BossLose,90.0,BossRangedZoner,PlayerTrainingSkillPool,PlayerHybridSurvivor,310,1737,0.31,0.00,0.45,2,6,6
362,BossLose,90.0,BossTankSustain,PlayerCCDebuffer,PlayerCCDebuffer,228,2141,0.14,0.00,0.86,2,18,17
363,BossLose,38.9,BossMeleeAggro,PlayerMeleeBurst,PlayerHybridSurvivor,179,2500,0.00,1.00,0.11,2,10,6
364,BossLose,90.0,BossRangedZoner,PlayerHybridSurvivor,PlayerCCDebuffer,200,1680,0.33,0.00,1.00,7,2,17
365,BossLose,73.6,BossMeleeAggro,PlayerTrainingSkillPool,PlayerTrainingSkillPool,107,2500,0.00,1.00,0.47,0,17,3
366,BossLose,63.7,BossMeleeAggro,PlayerMeleeBurst,PlayerHybridSurvivor,54,2500,0.00,0.73,1.00,1,10,5
367,BossWin,76.8,BossMeleeAggro,PlayerCCDebuffer,PlayerHybridSurvivor,400,1702,0.32,0.00,0.00,3,11,6
368,BossLose,90.0,BossMeleeAggro,PlayerTrainingSkillPool,PlayerHybridSurvivor,200,1475,0.41,0.00,1.00,6,5,6
369,BossLose,73.4,BossTankSustain,PlayerCCDebuffer,PlayerCCDebuffer,53,2500,0.00,0.74,1.00,1,21,10
370,BossWin,80.6,BossRangedZoner,PlayerHybridSurvivor,PlayerMeleeBurst,400,1540,0.38,0.00,0.00,4,4,6
371,BossWin,51.0,BossMeleeAggro,PlayerTrainingSkillPool,PlayerHybridSurvivor,400,573,0.77,0.00,0.00,6,3,0
372,BossLose,69.3,BossRangedZoner,PlayerCCDebuffer,PlayerTrainingSkillPool,368,2500,0.00,0.16,0.00,4,18,9
373,BossLose,55.7,BossTankSustain,PlayerHybridSurvivor,PlayerTrainingSkillPool,132,2500,0.00,0.34,1.00,0,10,8
374,BossLose,90.0,BossTankSustain,PlayerTrainingSkillPool,PlayerCCDebuffer,226,2105,0.16,0.00,0.87,2,9,14
375,BossLose,51.7,BossRangedZoner,PlayerTrainingSkillPool,PlayerMeleeBurst,41,2500,0.00,0.89,0.91,1,12,3
376,BossWin,70.2,BossRangedZoner,PlayerCCDebuffer,PlayerTrainingSkillPool,400,546,0.78,0.00,0.00,6,5,7
377,BossLose,90.0,BossTankSustain,PlayerTrainingSkillPool,PlayerMeleeBurst,242,2106,0.16,0.00,0.79,2,7,8
378,BossLose,90.0,BossRangedZoner,PlayerHybridSurvivor,PlayerMeleeBurst,328,800,0.68,0.00,0.36,5,3,3
379,BossLose,90.0,BossTankSustain,PlayerCCDebuffer,PlayerHybridSurvivor,316,1588,0.36,0.00,0.42,3,8,6
380,BossLose,90.0,BossTankSustain,PlayerCCDebuffer,PlayerHybridSurvivor,263,1585,0.37,0.00,0.68,2,4,9
381,BossLose,90.0,BossRangedZoner,PlayerCCDebuffer,PlayerTrainingSkillPool,345,878,0.65,0.00,0.28,3,1,7
382,BossWin,40.6,BossMeleeAggro,PlayerTrainingSkillPool,PlayerTrainingSkillPool,400,325,0.87,0.00,0.00,3,1,4
383,BossWin,69.0,BossRangedZoner,PlayerTrainingSkillPool,PlayerTrainingSkillPool,400,859,0.66,0.00,0.00,3,2,6
384,BossLose,90.0,BossTankSustain,PlayerTrainingSkillPool,PlayerMeleeBurst,125,2166,0.13,0.37,1.00,2,26,1
385,BossLose,90.0,BossRangedZoner,PlayerCCDebuffer,PlayerMeleeBurst,200,930,0.63,0.00,1.00,3,8,2
386,BossLose,64.1,BossMeleeAggro,PlayerTrainingSkillPool,PlayerMeleeBurst,102,2500,0.00,0.49,1.00,1,11,5
387,BossLose,90.0,BossRangedZoner,PlayerHybridSurvivor,PlayerCCDebuffer,114,2278,0.09,0.43,1.00,0,16,14
388,BossLose,90.0,BossRangedZoner,PlayerHybridSurvivor,PlayerHybridSurvivor,200,1705,0.32,0.00,1.00,3,5,8
389,BossLose,74.3,BossTankSustain,PlayerMeleeBurst,PlayerHybridSurvivor,211,2500,0.00,0.28,0.66,1,17,2
390,BossLose,90.0,BossRangedZoner,PlayerCCDebuffer,PlayerCCDebuffer,50,2104,0.16,1.00,0.75,1,21,9
391,BossWin,40.4,BossRangedZoner,PlayerHybridSurvivor,PlayerMeleeBurst,400,1209,0.52,0.00,0.00,6,6,3
392,BossLose,90.0,BossMeleeAggro,PlayerHybridSurvivor,PlayerCCDebuffer,200,2260,0.10,0.00,1.00,4,5,17
393,BossLose,90.0,BossRangedZoner,PlayerCCDebuffer,PlayerHybridSurvivor,274,605,0.76,0.00,0.63,5,4,1
394,BossLose,70.5,BossTankSustain,PlayerMeleeBurst,PlayerHybridSurvivor,0,2500,0.00,1.00,1.00,0,15,1
395,BossLose,90.0,BossRangedZoner,PlayerMeleeBurst,PlayerMeleeBurst,50,2468,0.01,1.00,0.75,2,18,2
396,BossWin,38.1,BossMeleeAggro,PlayerTrainingSkillPool,PlayerTrainingSkillPool,400,1055,0.58,0.00,0.00,5,1,6
397,BossLose,60.6,BossTankSustain,PlayerTrainingSkillPool,PlayerTrainingSkillPool,115,2500,0.00,0.42,1.00,1,16,7
398,BossLose,90.0,BossTankSustain,PlayerHybridSurvivor,PlayerHybridSurvivor,200,1630,0.35,0.00,1.00,0,6,3
399,BossLose,90.0,BossRangedZoner,PlayerTrainingSkillPool,PlayerTrainingSkillPool,200,1874,0.25,0.00,1.00,3,5,11
400,BossLose,90.0,BossMeleeAggro,PlayerTrainingSkillPool,PlayerMeleeBurst,302,676,0.73,0.00,0.49,5,0,4
401,BossLose,90.0,BossTankSustain,PlayerTrainingSkillPool,PlayerCCDebuffer,84,1862,0.26,0.58,1.00,0,14,12
402,BossLose,90.0,BossTankSustain,PlayerMeleeBurst,PlayerCCDebuffer,262,2194,0.12,0.00,0.69,3,12,13
403,BossLose,90.0,BossRangedZoner,PlayerCCDebuffer,PlayerMeleeBurst,55,1906,0.24,0.73,1.00,0,21,6
404,BossLose,90.0,BossRangedZoner,PlayerTrainingSkillPool,PlayerTrainingSkillPool,283,2390,0.04,0.00,0.59,2,7,15
405,BossLose,90.0,BossTankSustain,PlayerCCDebuffer,PlayerCCDebuffer,324,2250,0.10,0.00,0.38,1,10,14
406,BossLose,90.0,BossTankSustain,PlayerCCDebuffer,PlayerCCDebuffer,0,2180,0.13,1.00,1.00,1,21,7
407,BossLose,73.6,BossMeleeAggro,PlayerHybridSurvivor,PlayerMeleeBurst,260,2500,0.00,0.00,0.70,7,4,11
408,BossLose,90.0,BossMeleeAggro,PlayerMeleeBurst,PlayerTrainingSkillPool,334,1576,0.37,0.00,0.33,5,10,11
409,BossLose,57.7,BossTankSustain,PlayerTrainingSkillPool,PlayerCCDebuffer,115,2500,0.00,0.42,1.00,0,12,11
410,BossLose,90.0,BossRangedZoner,PlayerTrainingSkillPool,PlayerHybridSurvivor,200,1687,0.33,0.00,1.00,6,3,7
411,BossLose,90.0,BossRangedZoner,PlayerCCDebuffer,PlayerMeleeBurst,242,477,0.81,0.00,0.79,5,7,1
412,BossLose,59.6,BossRangedZoner,PlayerHybridSurvivor,PlayerCCDebuffer,22,2500,0.00,0.94,0.95,2,14,12
413,BossWin,40.0,BossMeleeAggro,PlayerCCDebuffer,PlayerMeleeBurst,400,1070,0.57,0.00,0.00,5,4,3
414,BossLose,70.3,BossTankSustain,PlayerMeleeBurst,PlayerHybridSurvivor,230,2500,0.00,0.10,0.75,3,20,3
415,BossWin,40.6,BossRangedZoner,PlayerTrainingSkillPool,PlayerCCDebuffer,400,1408,0.44,0.00,0.00,4,9,3
416,BossWin,56.9,BossTankSustain,PlayerMeleeBurst,PlayerCCDebuffer,400,1857,0.26,0.00,0.00,3,11,11
417,BossLose,90.0,BossTankSustain,PlayerTrainingSkillPool,PlayerTrainingSkillPool,287,1974,0.21,0.00,0.56,5,10,8
418,BossLose,58.0,BossRangedZoner,PlayerMeleeBurst,PlayerCCDebuffer,200,2500,0.00,0.00,1.00,2,10,11
419,BossWin,50.6,BossRangedZoner,PlayerMeleeBurst,PlayerMeleeBurst,400,766,0.69,0.00,0.00,5,2,3
420,BossLose,69.1,BossRangedZoner,PlayerMeleeBurst,PlayerHybridSurvivor,165,2500,0.00,0.61,0.57,3,18,2
421,BossLose,90.0,BossMeleeAggro,PlayerTrainingSkillPool,PlayerTrainingSkillPool,238,1073,0.57,0.00,0.81,5,3,7
422,BossWin,83.2,BossMeleeAggro,PlayerHybridSurvivor,PlayerCCDebuffer,400,1755,0.30,0.00,0.00,4,6,8
423,BossLose,60.2,BossTankSustain,PlayerMeleeBurst,PlayerMeleeBurst,261,2500,0.00,0.22,0.48,2,14,3
424,BossLose,90.0,BossRangedZoner,PlayerTrainingSkillPool,PlayerMeleeBurst,75,2149,0.14,0.62,1.00,1,16,1
425,BossLose,61.3,BossRangedZoner,PlayerMeleeBurst,PlayerHybridSurvivor,95,2500,0.00,0.52,1.00,0,13,6
426,BossWin,34.5,BossMeleeAggro,PlayerHybridSurvivor,PlayerHybridSurvivor,400,944,0.62,0.00,0.00,3,6,1
427,BossWin,85.7,BossTankSustain,PlayerMeleeBurst,PlayerHybridSurvivor,400,670,0.73,0.00,0.00,5,4,1
428,BossLose,90.0,BossMeleeAggro,PlayerCCDebuffer,PlayerHybridSurvivor,277,618,0.75,0.00,0.62,6,7,1
429,BossLose,90.0,BossMeleeAggro,PlayerCCDebuffer,PlayerHybridSurvivor,285,1436,0.43,0.00,0.57,5,20,2
430,BossLose,90.0,BossMeleeAggro,PlayerCCDebuffer,PlayerCCDebuffer,331,1809,0.28,0.00,0.35,3,5,16
431,BossLose,47.7,BossTankSustain,PlayerTrainingSkillPool,PlayerTrainingSkillPool,100,2500,0.00,0.50,1.00,0,7,12
432,BossWin,31.0,BossRangedZoner,PlayerCCDebuffer,PlayerCCDebuffer,400,984,0.61,0.00,0.00,4,6,3
433,BossWin,66.0,BossMeleeAggro,PlayerHybridSurvivor,PlayerMeleeBurst,400,1220,0.51,0.00,0.00,6,5,3
434,BossLose,57.0,BossTankSustain,PlayerMeleeBurst,PlayerTrainingSkillPool,137,2500,0.00,0.31,1.00,2,12,4
435,BossWin,74.8,BossMeleeAggro,PlayerMeleeBurst,PlayerHybridSurvivor,400,434,0.83,0.00,0.00,4,1,2
436,BossLose,90.0,BossTankSustain,PlayerHybridSurvivor,PlayerMeleeBurst,200,1468,0.41,0.00,1.00,5,5,6
437,BossLose,90.0,BossMeleeAggro,PlayerMeleeBurst,PlayerCCDebuffer,205,1525,0.39,0.00,0.97,6,8,12
438,BossLose,90.0,BossTankSustain,PlayerMeleeBurst,PlayerHybridSurvivor,292,1677,0.33,0.00,0.54,4,9,2
439,BossLose,90.0,BossRangedZoner,PlayerTrainingSkillPool,PlayerTrainingSkillPool,228,1627,0.35,0.00,0.86,3,11,3
440,BossLose,89.0,BossTankSustain,PlayerCCDebuffer,PlayerCCDebuffer,200,2500,0.00,0.00,1.00,3,8,20
441,BossLose,67.0,BossTankSustain,PlayerCCDebuffer,PlayerCCDebuffer,126,2500,0.00,0.37,1.00,1,17,11
442,BossWin,30.0,BossMeleeAggro,PlayerTrainingSkillPool,PlayerHybridSurvivor,400,577,0.77,0.00,0.00,4,3,1
443,BossLose,90.0,BossMeleeAggro,PlayerCCDebuffer,PlayerTrainingSkillPool,307,1219,0.51,0.00,0.47,8,3,15
444,BossLose,90.0,BossMeleeAggro,PlayerMeleeBurst,PlayerMeleeBurst,378,868,0.65,0.00,0.11,3,7,1
445,BossLose,90.0,BossMeleeAggro,PlayerTrainingSkillPool,PlayerMeleeBurst,279,1732,0.31,0.00,0.61,4,4,8
446,BossLose,90.0,BossMeleeAggro,PlayerHybridSurvivor,PlayerMeleeBurst,328,1361,0.46,0.00,0.36,8,3,8
447,BossWin,31.0,BossTankSustain,PlayerMeleeBurst,PlayerCCDebuffer,400,759,0.70,0.00,0.00,3,7,0
448,BossLose,73.7,BossTankSustain,PlayerTrainingSkillPool,PlayerMeleeBurst,273,2500,0.00,0.21,0.43,2,17,2
449,BossLose,90.0,BossRangedZoner,PlayerTrainingSkillPool,PlayerTrainingSkillPool,304,2137,0.15,0.00,0.48,3,7,12
450,BossLose,90.0,BossMeleeAggro,PlayerTrainingSkillPool,PlayerCCDebuffer,269,1723,0.31,0.00,0.66,2,4,16
451,BossLose,60.3,BossTankSustain,PlayerMeleeBurst,PlayerMeleeBurst,334,2500,0.00,0.33,0.00,3,16,4
452,BossLose,90.0,BossMeleeAggro,PlayerHybridSurvivor,PlayerMeleeBurst,286,446,0.82,0.00,0.57,6,3,0
453,BossWin,37.1,BossMeleeAggro,PlayerTrainingSkillPool,PlayerMeleeBurst,400,1112,0.56,0.00,0.00,4,8,1
454,BossWin,46.4,BossMeleeAggro,PlayerMeleeBurst,PlayerCCDebuffer,400,989,0.60,0.00,0.00,4,1,8
455,BossLose,72.3,BossTankSustain,PlayerTrainingSkillPool,PlayerMeleeBurst,371,2500,0.00,0.15,0.00,4,14,5
456,BossLose,90.0,BossTankSustain,PlayerTrainingSkillPool,PlayerMeleeBurst,200,796,0.68,0.00,1.00,3,3,7
457,BossWin,30.5,BossTankSustain,PlayerTrainingSkillPool,PlayerTrainingSkillPool,400,758,0.70,0.00,0.00,3,5,2
458,BossLose,90.0,BossMeleeAggro,PlayerHybridSurvivor,PlayerHybridSurvivor,200,1202,0.52,0.00,1.00,7,1,6
459,BossLose,48.5,BossTankSustain,PlayerTrainingSkillPool,PlayerMeleeBurst,78,2500,0.00,0.61,1.00,0,10,6
460,BossLose,90.0,BossTankSustain,PlayerTrainingSkillPool,PlayerCCDebuffer,135,2325,0.07,0.33,1.00,1,19,13
461,BossLose,49.8,BossTankSustain,PlayerMeleeBurst,PlayerCCDebuffer,200,2500,0.00,0.00,1.00,3,9,10
462,BossWin,80.4,BossRangedZoner,PlayerHybridSurvivor,PlayerMeleeBurst,400,1942,0.22,0.00,0.00,8,0,13
463,BossWin,40.9,BossRangedZoner,PlayerHybridSurvivor,PlayerMeleeBurst,400,586,0.77,0.00,0.00,7,3,1
464,BossLose,90.0,BossRangedZoner,PlayerTrainingSkillPool,PlayerCCDebuffer,267,2391,0.04,0.00,0.67,3,11,11
465,BossWin,89.7,BossTankSustain,PlayerMeleeBurst,PlayerCCDebuffer,400,1754,0.30,0.00,0.00,3,8,12
466,BossWin,62.1,BossMeleeAggro,PlayerCCDebuffer,PlayerHybridSurvivor,400,174,0.93,0.00,0.00,5,3,1
467,BossLose,90.0,BossTankSustain,PlayerTrainingSkillPool,PlayerHybridSurvivor,202,798,0.68,0.00,0.99,3,6,4
468,BossLose,90.0,BossTankSustain,PlayerTrainingSkillPool,PlayerTrainingSkillPool,204,690,0.72,0.00,0.98,0,2,13
469,BossLose,90.0,BossTankSustain,PlayerCCDebuffer,PlayerMeleeBurst,228,425,0.83,0.00,0.86,6,2,2
470,BossLose,90.0,BossRangedZoner,PlayerHybridSurvivor,PlayerMeleeBurst,200,1638,0.34,0.00,1.00,0,4,9
471,BossLose,90.0,BossMeleeAggro,PlayerHybridSurvivor,PlayerTrainingSkillPool,270,773,0.69,0.00,0.65,2,1,9
472,BossLose,90.0,BossTankSustain,PlayerCCDebuffer,PlayerCCDebuffer,224,2312,0.08,0.00,0.88,4,12,16
473,BossLose,90.0,BossMeleeAggro,PlayerTrainingSkillPool,PlayerCCDebuffer,200,1533,0.39,0.00,1.00,8,1,17
474,BossLose,90.0,BossTankSustain,PlayerTrainingSkillPool,PlayerCCDebuffer,207,457,0.82,0.00,0.96,3,3,10
475,BossLose,90.0,BossRangedZoner,PlayerTrainingSkillPool,PlayerMeleeBurst,258,1431,0.43,0.00,0.71,5,8,3
476,BossLose,64.9,BossRangedZoner,PlayerTrainingSkillPool,PlayerTrainingSkillPool,323,2500,0.00,0.00,0.38,6,8,11
477,BossWin,50.8,BossTankSustain,PlayerHybridSurvivor,PlayerTrainingSkillPool,400,971,0.61,0.00,0.00,6,4,2
478,BossLose,90.0,BossMeleeAggro,PlayerMeleeBurst,PlayerTrainingSkillPool,300,1196,0.52,0.00,0.50,4,8,7
479,BossLose,90.0,BossRangedZoner,PlayerHybridSurvivor,PlayerHybridSurvivor,311,1069,0.57,0.00,0.45,3,0,6
480,BossLose,90.0,BossTankSustain,PlayerHybridSurvivor,PlayerMeleeBurst,306,1715,0.31,0.00,0.47,4,3,9
481,BossWin,89.7,BossTankSustain,PlayerHybridSurvivor,PlayerMeleeBurst,400,962,0.62,0.00,0.00,5,1,7
482,BossLose,90.0,BossMeleeAggro,PlayerHybridSurvivor,PlayerTrainingSkillPool,310,880,0.65,0.00,0.45,7,0,11
483,BossLose,90.0,BossRangedZoner,PlayerCCDebuffer,PlayerHybridSurvivor,135,922,0.63,1.00,0.32,3,13,1
484,BossLose,90.0,BossRangedZoner,PlayerHybridSurvivor,PlayerCCDebuffer,146,1880,0.25,0.27,1.00,3,10,19
485,BossLose,90.0,BossRangedZoner,PlayerCCDebuffer,PlayerMeleeBurst,247,1587,0.37,0.00,0.76,6,12,6
486,BossLose,83.1,BossTankSustain,PlayerHybridSurvivor,PlayerCCDebuffer,221,2500,0.00,0.00,0.89,4,5,17
487,BossWin,86.5,BossRangedZoner,PlayerCCDebuffer,PlayerMeleeBurst,400,1134,0.55,0.00,0.00,6,7,4
488,BossLose,90.0,BossRangedZoner,PlayerHybridSurvivor,PlayerHybridSurvivor,317,1776,0.29,0.00,0.41,5,4,9
489,BossLose,69.5,BossTankSustain,PlayerTrainingSkillPool,PlayerCCDebuffer,82,2500,0.00,0.59,1.00,1,14,11
490,BossWin,86.3,BossRangedZoner,PlayerCCDebuffer,PlayerMeleeBurst,400,2089,0.16,0.00,0.00,5,24,2
491,BossLose,90.0,BossMeleeAggro,PlayerHybridSurvivor,PlayerCCDebuffer,286,1470,0.41,0.00,0.57,5,2,17
492,BossWin,15.1,BossMeleeAggro,PlayerMeleeBurst,PlayerCCDebuffer,400,339,0.86,0.00,0.00,3,2,1
493,BossLose,45.6,BossRangedZoner,PlayerMeleeBurst,PlayerCCDebuffer,292,2500,0.00,0.27,0.27,3,12,4
494,BossWin,20.6,BossMeleeAggro,PlayerTrainingSkillPool,PlayerCCDebuffer,400,455,0.82,0.00,0.00,3,3,2
495,BossLose,90.0,BossMeleeAggro,PlayerMeleeBurst,PlayerCCDebuffer,274,1650,0.34,0.00,0.63,14,3,19
496,BossLose,90.0,BossRangedZoner,PlayerHybridSurvivor,PlayerCCDebuffer,352,2317,0.07,0.24,0.00,6,9,14
497,BossLose,61.4,BossTankSustain,PlayerTrainingSkillPool,PlayerCCDebuffer,200,2500,0.00,0.00,1.00,1,10,11
498,BossWin,40.4,BossRangedZoner,PlayerHybridSurvivor,PlayerTrainingSkillPool,400,1492,0.40,0.00,0.00,4,0,8
499,BossLose,90.0,BossTankSustain,PlayerTrainingSkillPool,PlayerCCDebuffer,276,1782,0.29,0.00,0.62,3,9,15
500,BossLose,90.0,BossRangedZoner,PlayerCCDebuffer,PlayerTrainingSkillPool,271,2464,0.01,0.08,0.56,4,17,14
501,BossWin,70.4,BossMeleeAggro,PlayerHybridSurvivor,PlayerTrainingSkillPool,400,1734,0.31,0.00,0.00,7,2,12
502,BossLose,87.7,BossRangedZoner,PlayerCCDebuffer,PlayerTrainingSkillPool,292,2500,0.00,0.54,0.00,2,23,2
503,BossLose,90.0,BossMeleeAggro,PlayerTrainingSkillPool,PlayerTrainingSkillPool,286,2430,0.03,0.00,0.57,10,3,15
504,BossLose,61.4,BossTankSustain,PlayerMeleeBurst,PlayerMeleeBurst,34,2500,0.00,0.83,1.00,0,15,1
505,BossLose,90.0,BossTankSustain,PlayerHybridSurvivor,PlayerTrainingSkillPool,200,2154,0.14,0.00,1.00,1,9,10
506,BossLose,90.0,BossTankSustain,PlayerHybridSurvivor,PlayerTrainingSkillPool,275,1401,0.44,0.00,0.63,6,9,9
507,BossLose,90.0,BossMeleeAggro,PlayerMeleeBurst,PlayerCCDebuffer,252,1728,0.31,0.00,0.74,7,9,13
508,BossLose,90.0,BossRangedZoner,PlayerHybridSurvivor,PlayerCCDebuffer,210,1584,0.37,0.00,0.95,4,2,16
509,BossWin,25.5,BossMeleeAggro,PlayerHybridSurvivor,PlayerHybridSurvivor,400,393,0.84,0.00,0.00,4,1,2
510,BossLose,90.0,BossRangedZoner,PlayerTrainingSkillPool,PlayerMeleeBurst,344,595,0.76,0.00,0.28,6,3,4
511,BossLose,90.0,BossMeleeAggro,PlayerHybridSurvivor,PlayerTrainingSkillPool,376,1572,0.37,0.00,0.12,6,2,12
512,BossWin,42.3,BossMeleeAggro,PlayerHybridSurvivor,PlayerTrainingSkillPool,400,626,0.75,0.00,0.00,5,1,3
513,BossLose,90.0,BossTankSustain,PlayerTrainingSkillPool,PlayerMeleeBurst,200,2202,0.12,0.00,1.00,4,17,3
514,BossLose,51.5,BossTankSustain,PlayerTrainingSkillPool,PlayerHybridSurvivor,343,2500,0.00,0.29,0.00,2,14,4
515,BossLose,90.0,BossTankSustain,PlayerCCDebuffer,PlayerCCDebuffer,200,1929,0.23,0.00,1.00,3,18,16
516,BossLose,90.0,BossTankSustain,PlayerHybridSurvivor,PlayerMeleeBurst,307,1747,0.30,0.00,0.47,3,1,9
517,BossLose,60.6,BossTankSustain,PlayerTrainingSkillPool,PlayerHybridSurvivor,61,2500,0.00,0.69,1.00,1,14,0
518,BossLose,64.0,BossTankSustain,PlayerTrainingSkillPool,PlayerHybridSurvivor,87,2500,0.00,0.66,0.91,2,16,2
519,BossLose,90.0,BossMeleeAggro,PlayerTrainingSkillPool,PlayerTrainingSkillPool,282,1544,0.38,0.00,0.59,5,9,6
520,BossWin,78.2,BossRangedZoner,PlayerTrainingSkillPool,PlayerMeleeBurst,400,946,0.62,0.00,0.00,4,3,5
521,BossLose,90.0,BossTankSustain,PlayerHybridSurvivor,PlayerHybridSurvivor,200,1147,0.54,0.00,1.00,2,2,6
522,BossLose,90.0,BossRangedZoner,PlayerCCDebuffer,PlayerCCDebuffer,275,1890,0.24,0.00,0.62,6,8,17
523,BossLose,90.0,BossMeleeAggro,PlayerHybridSurvivor,PlayerCCDebuffer,200,768,0.69,0.00,1.00,1,0,15
524,BossLose,39.5,BossRangedZoner,PlayerMeleeBurst,PlayerMeleeBurst,87,2500,0.00,0.98,0.58,0,9,7
525,BossLose,90.0,BossMeleeAggro,PlayerTrainingSkillPool,PlayerMeleeBurst,310,2163,0.13,0.00,0.45,4,3,10
526,BossLose,90.0,BossRangedZoner,PlayerTrainingSkillPool,PlayerMeleeBurst,258,1792,0.28,0.00,0.71,2,3,10
527,BossWin,36.2,BossMeleeAggro,PlayerTrainingSkillPool,PlayerMeleeBurst,400,739,0.70,0.00,0.00,4,3,2
528,BossWin,70.5,BossTankSustain,PlayerMeleeBurst,PlayerTrainingSkillPool,400,2110,0.16,0.00,0.00,5,17,0
529,BossWin,65.4,BossTankSustain,PlayerHybridSurvivor,PlayerCCDebuffer,400,1717,0.31,0.00,0.00,4,15,1
530,BossLose,90.0,BossRangedZoner,PlayerHybridSurvivor,PlayerHybridSurvivor,200,1676,0.33,0.00,1.00,2,2,8
531,BossWin,21.3,BossMeleeAggro,PlayerCCDebuffer,PlayerMeleeBurst,400,450,0.82,0.00,0.00,2,4,1
532,BossLose,47.8,BossRangedZoner,PlayerMeleeBurst,PlayerCCDebuffer,100,2500,0.00,0.50,1.00,2,11,9
533,BossLose,90.0,BossTankSustain,PlayerCCDebuffer,PlayerHybridSurvivor,0,1994,0.20,1.00,1.00,1,18,5
534,BossLose,90.0,BossTankSustain,PlayerMeleeBurst,PlayerHybridSurvivor,200,1722,0.31,0.00,1.00,1,5,7
535,BossLose,90.0,BossMeleeAggro,PlayerMeleeBurst,PlayerCCDebuffer,374,1177,0.53,0.00,0.13,6,4,9
536,BossLose,88.3,BossRangedZoner,PlayerTrainingSkillPool,PlayerCCDebuffer,200,2500,0.00,0.00,1.00,3,10,13
537,BossWin,27.8,BossMeleeAggro,PlayerTrainingSkillPool,PlayerCCDebuffer,400,898,0.64,0.00,0.00,4,5,3
538,BossLose,90.0,BossRangedZoner,PlayerHybridSurvivor,PlayerMeleeBurst,212,1978,0.21,0.00,0.94,7,2,12
539,BossLose,90.0,BossTankSustain,PlayerTrainingSkillPool,PlayerTrainingSkillPool,200,1085,0.57,0.00,1.00,1,5,7
540,BossWin,32.4,BossMeleeAggro,PlayerHybridSurvivor,PlayerMeleeBurst,400,1388,0.44,0.00,0.00,4,6,2
541,BossLose,90.0,BossMeleeAggro,PlayerHybridSurvivor,PlayerHybridSurvivor,281,395,0.84,0.00,0.59,4,1,3
542,BossWin,78.7,BossMeleeAggro,PlayerCCDebuffer,PlayerTrainingSkillPool,400,1989,0.20,0.00,0.00,3,14,5
543,BossLose,90.0,BossTankSustain,PlayerTrainingSkillPool,PlayerMeleeBurst,261,1791,0.28,0.00,0.70,1,9,11
544,BossLose,61.3,BossMeleeAggro,PlayerTrainingSkillPool,PlayerMeleeBurst,36,2500,0.00,0.82,1.00,1,14,3
545,BossLose,42.3,BossTankSustain,PlayerTrainingSkillPool,PlayerCCDebuffer,45,2500,0.00,0.86,0.91,0,10,4
546,BossLose,85.8,BossRangedZoner,PlayerCCDebuffer,PlayerTrainingSkillPool,200,2500,0.00,0.00,1.00,2,7,18
547,BossLose,90.0,BossMeleeAggro,PlayerHybridSurvivor,PlayerCCDebuffer,200,1680,0.33,0.00,1.00,7,4,13
548,BossLose,90.0,BossMeleeAggro,PlayerCCDebuffer,PlayerHybridSurvivor,251,1011,0.60,0.21,0.54,3,16,0
549,BossLose,90.0,BossMeleeAggro,PlayerHybridSurvivor,PlayerCCDebuffer,245,1988,0.20,0.00,0.77,3,5,15
550,BossLose,90.0,BossRangedZoner,PlayerTrainingSkillPool,PlayerTrainingSkillPool,345,1816,0.27,0.27,0.00,7,12,10
551,BossLose,90.0,BossTankSustain,PlayerHybridSurvivor,PlayerMeleeBurst,300,2363,0.05,0.00,0.50,4,5,9
552,BossLose,59.1,BossTankSustain,PlayerTrainingSkillPool,PlayerCCDebuffer,151,2500,0.00,0.24,1.00,1,13,12
553,BossLose,90.0,BossMeleeAggro,PlayerCCDebuffer,PlayerMeleeBurst,213,1000,0.60,0.00,0.93,10,5,3
554,BossLose,90.0,BossMeleeAggro,PlayerCCDebuffer,PlayerMeleeBurst,200,594,0.76,0.00,1.00,9,6,1
555,BossLose,90.0,BossTankSustain,PlayerCCDebuffer,PlayerHybridSurvivor,322,1225,0.51,0.00,0.39,4,8,2
556,BossLose,90.0,BossTankSustain,PlayerHybridSurvivor,PlayerHybridSurvivor,207,1082,0.57,0.00,0.96,0,3,3
557,BossLose,90.0,BossRangedZoner,PlayerTrainingSkillPool,PlayerHybridSurvivor,358,2383,0.05,0.00,0.21,4,9,8
558,BossLose,90.0,BossTankSustain,PlayerHybridSurvivor,PlayerCCDebuffer,200,1996,0.20,0.00,1.00,2,6,20
559,BossWin,31.2,BossRangedZoner,PlayerHybridSurvivor,PlayerCCDebuffer,400,986,0.61,0.00,0.00,3,6,1
560,BossWin,23.7,BossRangedZoner,PlayerCCDebuffer,PlayerTrainingSkillPool,400,376,0.85,0.00,0.00,4,3,1
561,BossWin,36.4,BossRangedZoner,PlayerTrainingSkillPool,PlayerHybridSurvivor,400,715,0.71,0.00,0.00,6,6,2
562,BossLose,65.6,BossRangedZoner,PlayerHybridSurvivor,PlayerCCDebuffer,126,2500,0.00,0.37,1.00,0,9,12
563,BossLose,90.0,BossTankSustain,PlayerHybridSurvivor,PlayerMeleeBurst,357,1639,0.34,0.00,0.22,2,11,5
564,BossWin,78.3,BossRangedZoner,PlayerTrainingSkillPool,PlayerCCDebuffer,400,1898,0.24,0.00,0.00,5,4,16
565,BossLose,90.0,BossTankSustain,PlayerCCDebuffer,PlayerMeleeBurst,265,1291,0.48,0.00,0.68,2,15,3
566,BossLose,90.0,BossRangedZoner,PlayerHybridSurvivor,PlayerTrainingSkillPool,383,1904,0.24,0.00,0.08,3,9,12
567,BossWin,56.8,BossTankSustain,PlayerTrainingSkillPool,PlayerHybridSurvivor,400,1029,0.59,0.00,0.00,4,7,1
568,BossLose,55.1,BossTankSustain,PlayerTrainingSkillPool,PlayerMeleeBurst,158,2500,0.00,0.42,0.79,2,15,4
569,BossLose,90.0,BossTankSustain,PlayerTrainingSkillPool,PlayerTrainingSkillPool,258,2320,0.07,0.00,0.71,3,14,8
570,BossWin,61.8,BossMeleeAggro,PlayerTrainingSkillPool,PlayerHybridSurvivor,400,808,0.68,0.00,0.00,5,1,4
571,BossLose,41.0,BossRangedZoner,PlayerMeleeBurst,PlayerCCDebuffer,67,2500,0.00,0.66,1.00,1,11,5
572,BossLose,66.3,BossTankSustain,PlayerHybridSurvivor,PlayerCCDebuffer,329,2500,0.00,0.36,0.00,2,12,11
573,BossLose,76.8,BossRangedZoner,PlayerMeleeBurst,PlayerTrainingSkillPool,219,2500,0.00,0.00,0.91,5,10,12
574,BossLose,90.0,BossTankSustain,PlayerTrainingSkillPool,PlayerHybridSurvivor,200,1282,0.49,0.00,1.00,2,4,6
575,BossLose,75.8,BossMeleeAggro,PlayerMeleeBurst,PlayerTrainingSkillPool,307,2500,0.00,0.00,0.47,7,5,15
576,BossLose,86.7,BossTankSustain,PlayerCCDebuffer,PlayerHybridSurvivor,0,2500,0.00,1.00,1.00,0,17,8
577,BossLose,90.0,BossRangedZoner,PlayerCCDebuffer,PlayerTrainingSkillPool,293,1094,0.56,0.00,0.53,7,7,4
578,BossLose,73.5,BossTankSustain,PlayerCCDebuffer,PlayerMeleeBurst,357,2500,0.00,0.00,0.22,5,7,12
579,BossLose,90.0,BossRangedZoner,PlayerMeleeBurst,PlayerMeleeBurst,265,1330,0.47,0.00,0.67,6,6,4
580,BossWin,54.2,BossTankSustain,PlayerHybridSurvivor,PlayerHybridSurvivor,400,2136,0.15,0.00,0.00,1,10,5
581,BossLose,90.0,BossTankSustain,PlayerCCDebuffer,PlayerTrainingSkillPool,0,1914,0.23,1.00,1.00,0,15,8
582,BossLose,76.7,BossRangedZoner,PlayerTrainingSkillPool,PlayerHybridSurvivor,222,2500,0.00,0.00,0.89,6,6,10
583,BossLose,90.0,BossRangedZoner,PlayerCCDebuffer,PlayerCCDebuffer,205,2000,0.20,0.00,0.97,6,8,18
584,BossLose,81.5,BossTankSustain,PlayerCCDebuffer,PlayerTrainingSkillPool,303,2500,0.00,0.49,0.00,3,23,5
585,BossLose,79.5,BossTankSustain,PlayerMeleeBurst,PlayerCCDebuffer,326,2500,0.00,0.00,0.37,4,13,10
586,BossWin,30.0,BossRangedZoner,PlayerCCDebuffer,PlayerCCDebuffer,400,357,0.86,0.00,0.00,4,2,5
587,BossLose,90.0,BossRangedZoner,PlayerTrainingSkillPool,PlayerHybridSurvivor,164,2428,0.03,0.43,0.75,3,25,2
588,BossLose,83.0,BossMeleeAggro,PlayerHybridSurvivor,PlayerCCDebuffer,288,2500,0.00,0.00,0.56,6,3,20
589,BossLose,58.0,BossTankSustain,PlayerCCDebuffer,PlayerTrainingSkillPool,303,2500,0.00,0.02,0.47,3,12,11
590,BossLose,65.4,BossRangedZoner,PlayerCCDebuffer,PlayerTrainingSkillPool,37,2500,0.00,0.81,1.00,0,15,5
591,BossLose,90.0,BossRangedZoner,PlayerMeleeBurst,PlayerMeleeBurst,380,1735,0.31,0.00,0.10,8,6,7
592,BossWin,51.8,BossRangedZoner,PlayerTrainingSkillPool,PlayerMeleeBurst,400,929,0.63,0.00,0.00,7,3,4
593,BossLose,54.6,BossRangedZoner,PlayerMeleeBurst,PlayerCCDebuffer,186,2500,0.00,0.07,1.00,0,14,8
594,BossLose,90.0,BossRangedZoner,PlayerMeleeBurst,PlayerTrainingSkillPool,302,2135,0.15,0.00,0.49,9,3,12
595,BossLose,90.0,BossTankSustain,PlayerCCDebuffer,PlayerMeleeBurst,280,2376,0.05,0.00,0.60,4,6,11
596,BossWin,70.8,BossRangedZoner,PlayerCCDebuffer,PlayerCCDebuffer,400,1601,0.36,0.00,0.00,6,1,14
597,BossLose,64.9,BossTankSustain,PlayerHybridSurvivor,PlayerTrainingSkillPool,200,2500,0.00,0.00,1.00,3,9,11
598,BossWin,48.5,BossMeleeAggro,PlayerMeleeBurst,PlayerMeleeBurst,400,2480,0.01,0.00,0.00,3,11,5
599,BossLose,90.0,BossRangedZoner,PlayerHybridSurvivor,PlayerCCDebuffer,200,1285,0.49,0.00,1.00,5,1,15
600,BossLose,90.0,BossMeleeAggro,PlayerHybridSurvivor,PlayerTrainingSkillPool,344,1243,0.50,0.00,0.28,3,0,7
601,BossLose,90.0,BossMeleeAggro,PlayerTrainingSkillPool,PlayerTrainingSkillPool,332,1515,0.39,0.00,0.34,6,3,9
602,BossWin,86.9,BossRangedZoner,PlayerHybridSurvivor,PlayerCCDebuffer,400,1093,0.56,0.00,0.00,6,1,13
603,BossLose,90.0,BossTankSustain,PlayerTrainingSkillPool,PlayerMeleeBurst,200,950,0.62,0.00,1.00,2,5,3
604,BossLose,90.0,BossTankSustain,PlayerHybridSurvivor,PlayerTrainingSkillPool,128,1149,0.54,0.36,1.00,1,6,5
605,BossLose,90.0,BossRangedZoner,PlayerCCDebuffer,PlayerMeleeBurst,274,2161,0.14,0.00,0.63,5,7,11
606,BossWin,67.6,BossMeleeAggro,PlayerTrainingSkillPool,PlayerTrainingSkillPool,400,672,0.73,0.00,0.00,3,3,0
607,BossLose,65.1,BossTankSustain,PlayerCCDebuffer,PlayerTrainingSkillPool,39,2500,0.00,0.81,1.00,0,16,10
608,BossWin,70.2,BossRangedZoner,PlayerTrainingSkillPool,PlayerMeleeBurst,400,1340,0.46,0.00,0.00,6,9,2
609,BossWin,36.8,BossMeleeAggro,PlayerHybridSurvivor,PlayerMeleeBurst,400,1048,0.58,0.00,0.00,3,4,3
610,BossWin,46.6,BossMeleeAggro,PlayerMeleeBurst,PlayerMeleeBurst,400,1221,0.51,0.00,0.00,7,2,6
611,BossLose,90.0,BossTankSustain,PlayerCCDebuffer,PlayerMeleeBurst,0,1498,0.40,1.00,1.00,0,19,1
612,BossLose,90.0,BossTankSustain,PlayerHybridSurvivor,PlayerHybridSurvivor,282,1525,0.39,0.00,0.59,1,3,7
613,BossLose,71.5,BossTankSustain,PlayerTrainingSkillPool,PlayerCCDebuffer,200,2500,0.00,0.00,1.00,2,12,15
614,BossWin,36.5,BossRangedZoner,PlayerTrainingSkillPool,PlayerMeleeBurst,400,1305,0.48,0.00,0.00,4,4,6
615,BossLose,90.0,BossRangedZoner,PlayerCCDebuffer,PlayerHybridSurvivor,268,1726,0.31,0.00,0.66,8,5,7
616,BossWin,62.4,BossTankSustain,PlayerMeleeBurst,PlayerHybridSurvivor,400,2022,0.19,0.00,0.00,2,8,5
617,BossWin,20.3,BossRangedZoner,PlayerTrainingSkillPool,PlayerMeleeBurst,400,480,0.81,0.00,0.00,3,4,0
618,BossLose,90.0,BossMeleeAggro,PlayerCCDebuffer,PlayerTrainingSkillPool,200,1335,0.47,0.00,1.00,7,2,11
619,BossLose,90.0,BossTankSustain,PlayerHybridSurvivor,PlayerMeleeBurst,200,2058,0.18,0.00,1.00,2,5,9
620,BossLose,70.1,BossTankSustain,PlayerHybridSurvivor,PlayerCCDebuffer,28,2500,0.00,0.86,1.00,0,16,9
621,BossLose,90.0,BossMeleeAggro,PlayerCCDebuffer,PlayerHybridSurvivor,0,1981,0.21,1.00,1.00,1,20,1
622,BossLose,90.0,BossMeleeAggro,PlayerCCDebuffer,PlayerCCDebuffer,286,1988,0.21,0.00,0.57,4,4,17
623,BossLose,90.0,BossTankSustain,PlayerHybridSurvivor,PlayerCCDebuffer,200,1846,0.26,0.00,1.00,2,4,15
624,BossLose,88.4,BossRangedZoner,PlayerTrainingSkillPool,PlayerCCDebuffer,72,2500,0.00,0.68,0.96,0,17,17
625,BossLose,90.0,BossRangedZoner,PlayerCCDebuffer,PlayerCCDebuffer,201,2247,0.10,0.00,0.99,0,22,15
626,BossWin,41.9,BossTankSustain,PlayerMeleeBurst,PlayerCCDebuffer,400,443,0.82,0.00,0.00,3,0,4
627,BossWin,60.1,BossRangedZoner,PlayerTrainingSkillPool,PlayerMeleeBurst,400,1544,0.38,0.00,0.00,4,7,6
628,BossLose,58.5,BossTankSustain,PlayerCCDebuffer,PlayerTrainingSkillPool,75,2500,0.00,1.00,0.63,1,14,7
629,BossLose,56.4,BossRangedZoner,PlayerTrainingSkillPool,PlayerCCDebuffer,116,2500,0.00,0.56,0.86,1,11,11
630,BossWin,62.2,BossMeleeAggro,PlayerHybridSurvivor,PlayerCCDebuffer,400,722,0.71,0.00,0.00,5,3,8
631,BossLose,90.0,BossTankSustain,PlayerTrainingSkillPool,PlayerMeleeBurst,289,250,0.90,0.00,0.55,2,2,1
632,BossLose,90.0,BossTankSustain,PlayerHybridSurvivor,PlayerTrainingSkillPool,300,2464,0.01,0.20,0.30,2,12,8
633,BossLose,37.5,BossRangedZoner,PlayerMeleeBurst,PlayerTrainingSkillPool,105,2500,0.00,0.72,0.75,1,8,7
634,BossLose,90.0,BossMeleeAggro,PlayerTrainingSkillPool,PlayerCCDebuffer,362,1743,0.30,0.00,0.19,7,4,17
635,BossWin,48.3,BossMeleeAggro,PlayerTrainingSkillPool,PlayerHybridSurvivor,400,1622,0.35,0.00,0.00,3,5,6
636,BossLose,90.0,BossMeleeAggro,PlayerTrainingSkillPool,PlayerHybridSurvivor,322,672,0.73,0.00,0.39,5,3,0
637,BossWin,57.4,BossTankSustain,PlayerHybridSurvivor,PlayerHybridSurvivor,400,994,0.60,0.00,0.00,6,7,2
638,BossLose,90.0,BossMeleeAggro,PlayerCCDebuffer,PlayerHybridSurvivor,226,1974,0.21,0.00,0.87,5,17,3
639,BossLose,90.0,BossRangedZoner,PlayerTrainingSkillPool,PlayerHybridSurvivor,290,1687,0.33,0.00,0.55,3,9,8
640,BossLose,56.5,BossRangedZoner,PlayerTrainingSkillPool,PlayerCCDebuffer,205,2500,0.00,0.97,0.00,4,10,11
641,BossLose,73.4,BossTankSustain,PlayerCCDebuffer,PlayerTrainingSkillPool,0,2500,0.00,1.00,1.00,0,15,11
642,BossLose,90.0,BossTankSustain,PlayerTrainingSkillPool,PlayerMeleeBurst,200,2227,0.11,0.00,1.00,2,18,1
643,BossWin,31.1,BossRangedZoner,PlayerTrainingSkillPool,PlayerMeleeBurst,400,826,0.67,0.00,0.00,5,1,5
644,BossLose,90.0,BossRangedZoner,PlayerMeleeBurst,PlayerCCDebuffer,212,1510,0.40,0.00,0.94,3,4,12
645,BossLose,90.0,BossTankSustain,PlayerHybridSurvivor,PlayerCCDebuffer,200,1350,0.46,0.00,1.00,2,2,15
646,BossWin,87.4,BossMeleeAggro,PlayerCCDebuffer,PlayerMeleeBurst,400,924,0.63,0.00,0.00,6,6,2
647,BossLose,90.0,BossRangedZoner,PlayerHybridSurvivor,PlayerCCDebuffer,286,1193,0.52,0.00,0.57,6,2,16
648,BossWin,54.7,BossRangedZoner,PlayerHybridSurvivor,PlayerMeleeBurst,400,1106,0.56,0.00,0.00,5,5,3
649,BossLose,90.0,BossTankSustain,PlayerMeleeBurst,PlayerCCDebuffer,200,1925,0.23,0.00,1.00,3,4,17
650,BossLose,90.0,BossTankSustain,PlayerTrainingSkillPool,PlayerMeleeBurst,200,1167,0.53,0.00,1.00,2,5,4
651,BossWin,38.2,BossMeleeAggro,PlayerCCDebuffer,PlayerTrainingSkillPool,400,48,0.98,0.00,0.00,7,2,0
652,BossLose,65.4,BossRangedZoner,PlayerHybridSurvivor,PlayerTrainingSkillPool,244,2500,0.00,0.32,0.47,2,10,8
653,BossLose,48.8,BossRangedZoner,PlayerMeleeBurst,PlayerMeleeBurst,160,2500,0.00,0.20,1.00,2,15,1
654,BossWin,23.7,BossRangedZoner,PlayerTrainingSkillPool,PlayerHybridSurvivor,400,464,0.81,0.00,0.00,4,4,0
655,BossLose,58.0,BossRangedZoner,PlayerMeleeBurst,PlayerCCDebuffer,59,2500,0.00,0.70,1.00,0,11,13
656,BossLose,89.7,BossRangedZoner,PlayerMeleeBurst,PlayerMeleeBurst,323,2500,0.00,0.00,0.38,9,3,13
657,BossLose,90.0,BossRangedZoner,PlayerTrainingSkillPool,PlayerHybridSurvivor,302,555,0.78,0.00,0.49,6,3,2
658,BossLose,90.0,BossRangedZoner,PlayerTrainingSkillPool,PlayerCCDebuffer,305,1574,0.37,0.00,0.47,9,1,25
659,BossLose,90.0,BossTankSustain,PlayerHybridSurvivor,PlayerCCDebuffer,324,2484,0.01,0.00,0.38,0,9,19
660,BossWin,32.6,BossMeleeAggro,PlayerHybridSurvivor,PlayerCCDebuffer,400,1129,0.55,0.00,0.00,4,5,2
661,BossLose,90.0,BossRangedZoner,PlayerTrainingSkillPool,PlayerTrainingSkillPool,200,1748,0.30,0.00,1.00,2,3,9
662,BossWin,41.1,BossRangedZoner,PlayerMeleeBurst,PlayerCCDebuffer,400,1379,0.45,0.00,0.00,4,9,6
663,BossWin,42.7,BossMeleeAggro,PlayerTrainingSkillPool,PlayerCCDebuffer,400,550,0.78,0.00,0.00,5,2,5
664,BossLose,90.0,BossRangedZoner,PlayerHybridSurvivor,PlayerCCDebuffer,214,1485,0.41,0.00,0.93,3,4,14
665,BossLose,60.9,BossTankSustain,PlayerTrainingSkillPool,PlayerMeleeBurst,74,2500,0.00,0.63,1.00,0,8,7
666,BossWin,71.2,BossMeleeAggro,PlayerTrainingSkillPool,PlayerHybridSurvivor,400,949,0.62,0.00,0.00,4,3,4
667,BossWin,48.1,BossMeleeAggro,PlayerHybridSurvivor,PlayerHybridSurvivor,400,669,0.73,0.00,0.00,5,3,4
668,BossLose,90.0,BossRangedZoner,PlayerHybridSurvivor,PlayerMeleeBurst,200,1854,0.26,0.00,1.00,8,0,12
669,BossLose,90.0,BossTankSustain,PlayerCCDebuffer,PlayerHybridSurvivor,200,1867,0.25,0.00,1.00,2,11,5
670,BossLose,90.0,BossRangedZoner,PlayerMeleeBurst,PlayerTrainingSkillPool,268,1658,0.34,0.00,0.66,8,6,16
671,BossLose,48.9,BossTankSustain,PlayerMeleeBurst,PlayerCCDebuffer,91,2500,0.00,0.55,1.00,0,12,9
672,BossWin,76.8,BossMeleeAggro,PlayerMeleeBurst,PlayerMeleeBurst,400,1775,0.29,0.00,0.00,4,5,6
673,BossWin,24.7,BossMeleeAggro,PlayerCCDebuffer,PlayerMeleeBurst,400,736,0.71,0.00,0.00,4,1,4
674,BossLose,90.0,BossTankSustain,PlayerMeleeBurst,PlayerMeleeBurst,173,2466,0.01,0.14,1.00,0,15,4
675,BossLose,81.6,BossTankSustain,PlayerCCDebuffer,PlayerMeleeBurst,99,2500,0.00,0.50,1.00,0,17,7
676,BossLose,90.0,BossRangedZoner,PlayerCCDebuffer,PlayerCCDebuffer,315,1351,0.46,0.00,0.42,4,6,17
677,BossLose,50.8,BossRangedZoner,PlayerTrainingSkillPool,PlayerHybridSurvivor,159,2500,0.00,0.30,0.90,3,12,3
678,BossLose,90.0,BossTankSustain,PlayerTrainingSkillPool,PlayerTrainingSkillPool,207,2159,0.14,0.00,0.96,4,10,7
679,BossLose,90.0,BossMeleeAggro,PlayerCCDebuffer,PlayerMeleeBurst,293,2058,0.18,0.00,0.54,6,9,9
680,BossLose,70.0,BossTankSustain,PlayerHybridSurvivor,PlayerCCDebuffer,259,2500,0.00,0.53,0.18,1,12,6
681,BossLose,90.0,BossTankSustain,PlayerHybridSurvivor,PlayerMeleeBurst,228,2436,0.03,0.00,0.86,4,6,10
682,BossLose,90.0,BossTankSustain,PlayerCCDebuffer,PlayerHybridSurvivor,200,1731,0.31,0.00,1.00,4,3,8
683,BossLose,54.6,BossTankSustain,PlayerMeleeBurst,PlayerHybridSurvivor,366,2500,0.00,0.17,0.00,5,15,5
684,BossWin,57.0,BossRangedZoner,PlayerMeleeBurst,PlayerHybridSurvivor,400,2181,0.13,0.00,0.00,4,10,8
685,BossLose,90.0,BossTankSustain,PlayerHybridSurvivor,PlayerMeleeBurst,200,1444,0.42,0.00,1.00,3,2,9
686,BossLose,90.0,BossTankSustain,PlayerTrainingSkillPool,PlayerMeleeBurst,284,1302,0.48,0.00,0.58,1,3,8
687,BossLose,88.1,BossRangedZoner,PlayerMeleeBurst,PlayerCCDebuffer,252,2500,0.00,0.00,0.74,7,7,19
688,BossLose,90.0,BossRangedZoner,PlayerCCDebuffer,PlayerHybridSurvivor,218,1475,0.41,0.00,0.91,4,6,6
689,BossLose,90.0,BossMeleeAggro,PlayerTrainingSkillPool,PlayerCCDebuffer,352,2321,0.07,0.00,0.24,5,11,13
690,BossLose,90.0,BossRangedZoner,PlayerHybridSurvivor,PlayerTrainingSkillPool,244,905,0.64,0.00,0.78,4,4,6
691,BossLose,90.0,BossRangedZoner,PlayerMeleeBurst,PlayerCCDebuffer,279,2089,0.16,0.00,0.61,3,6,24
692,BossWin,73.0,BossTankSustain,PlayerTrainingSkillPool,PlayerMeleeBurst,400,1476,0.41,0.00,0.00,5,1,9
693,BossLose,90.0,BossTankSustain,PlayerCCDebuffer,PlayerHybridSurvivor,200,1650,0.34,0.00,1.00,3,18,1
694,BossLose,80.1,BossTankSustain,PlayerTrainingSkillPool,PlayerCCDebuffer,276,2500,0.00,0.00,0.62,3,12,16
695,BossLose,90.0,BossMeleeAggro,PlayerMeleeBurst,PlayerMeleeBurst,352,1608,0.36,0.00,0.24,4,1,9
696,BossLose,76.9,BossMeleeAggro,PlayerCCDebuffer,PlayerCCDebuffer,349,2500,0.00,0.25,0.00,6,21,7
697,BossLose,90.0,BossRangedZoner,PlayerMeleeBurst,PlayerHybridSurvivor,300,555,0.78,0.00,0.50,4,2,3
698,BossLose,90.0,BossMeleeAggro,PlayerCCDebuffer,PlayerHybridSurvivor,200,1014,0.59,0.00,1.00,4,6,4
699,BossWin,68.8,BossMeleeAggro,PlayerCCDebuffer,PlayerMeleeBurst,400,185,0.93,0.00,0.00,3,1,2
700,BossWin,39.3,BossTankSustain,PlayerTrainingSkillPool,PlayerTrainingSkillPool,400,1141,0.54,0.00,0.00,5,7,0
701,BossLose,90.0,BossTankSustain,PlayerCCDebuffer,PlayerTrainingSkillPool,5,2344,0.06,1.00,0.97,0,19,8
702,BossLose,90.0,BossRangedZoner,PlayerMeleeBurst,PlayerMeleeBurst,280,2128,0.15,0.00,0.60,7,3,11
703,BossWin,41.0,BossRangedZoner,PlayerMeleeBurst,PlayerCCDebuffer,400,505,0.80,0.00,0.00,5,2,4
704,BossWin,63.9,BossTankSustain,PlayerHybridSurvivor,PlayerTrainingSkillPool,400,661,0.74,0.00,0.00,4,2,4
705,BossLose,86.6,BossMeleeAggro,PlayerCCDebuffer,PlayerTrainingSkillPool,321,2500,0.00,0.00,0.39,9,1,20
706,BossLose,90.0,BossTankSustain,PlayerCCDebuffer,PlayerMeleeBurst,0,2330,0.07,1.00,1.00,0,22,7
707,BossWin,48.8,BossMeleeAggro,PlayerHybridSurvivor,PlayerHybridSurvivor,400,831,0.67,0.00,0.00,6,3,3
708,BossLose,75.6,BossTankSustain,PlayerHybridSurvivor,PlayerMeleeBurst,101,2500,0.00,0.83,0.66,1,13,6
709,BossLose,90.0,BossRangedZoner,PlayerTrainingSkillPool,PlayerHybridSurvivor,27,2334,0.07,0.87,1.00,0,26,1
710,BossLose,90.0,BossRangedZoner,PlayerCCDebuffer,PlayerTrainingSkillPool,234,2336,0.07,0.00,0.83,2,18,13
711,BossWin,76.6,BossMeleeAggro,PlayerMeleeBurst,PlayerCCDebuffer,400,1592,0.36,0.00,0.00,6,4,12
712,BossLose,90.0,BossTankSustain,PlayerTrainingSkillPool,PlayerTrainingSkillPool,228,1495,0.40,0.00,0.86,3,5,5
713,BossWin,36.1,BossRangedZoner,PlayerCCDebuffer,PlayerMeleeBurst,400,794,0.68,0.00,0.00,5,5,2
714,BossWin,40.6,BossTankSustain,PlayerTrainingSkillPool,PlayerTrainingSkillPool,400,527,0.79,0.00,0.00,4,5,3
715,BossLose,90.0,BossMeleeAggro,PlayerMeleeBurst,PlayerHybridSurvivor,200,1785,0.29,0.00,1.00,2,13,1
716,BossLose,52.8,BossRangedZoner,PlayerCCDebuffer,PlayerTrainingSkillPool,247,2500,0.00,0.00,0.76,2,12,8
717,BossLose,90.0,BossMeleeAggro,PlayerTrainingSkillPool,PlayerTrainingSkillPool,200,1891,0.24,0.00,1.00,5,3,13
718,BossWin,46.0,BossMeleeAggro,PlayerCCDebuffer,PlayerHybridSurvivor,400,890,0.64,0.00,0.00,4,4,3
719,BossLose,71.0,BossMeleeAggro,PlayerMeleeBurst,PlayerTrainingSkillPool,218,2500,0.00,0.91,0.00,4,17,3
720,BossWin,18.3,BossMeleeAggro,PlayerHybridSurvivor,PlayerHybridSurvivor,400,490,0.80,0.00,0.00,2,2,1
721,BossLose,90.0,BossMeleeAggro,PlayerMeleeBurst,PlayerCCDebuffer,286,1123,0.55,0.00,0.57,5,2,17
722,BossLose,90.0,BossMeleeAggro,PlayerHybridSurvivor,PlayerCCDebuffer,286,1509,0.40,0.00,0.57,8,4,22
723,BossLose,90.0,BossRangedZoner,PlayerCCDebuffer,PlayerCCDebuffer,282,2446,0.02,0.00,0.59,4,12,19
724,BossLose,90.0,BossTankSustain,PlayerCCDebuffer,PlayerTrainingSkillPool,67,2154,0.14,0.66,1.00,1,13,12
725,BossLose,45.2,BossRangedZoner,PlayerMeleeBurst,PlayerTrainingSkillPool,25,2500,0.00,1.00,0.87,1,9,7
726,BossWin,40.7,BossRangedZoner,PlayerTrainingSkillPool,PlayerMeleeBurst,400,1157,0.54,0.00,0.00,5,6,3
727,BossLose,90.0,BossTankSustain,PlayerHybridSurvivor,PlayerHybridSurvivor,310,1615,0.35,0.00,0.45,3,11,1
728,BossWin,87.7,BossRangedZoner,PlayerHybridSurvivor,PlayerHybridSurvivor,400,933,0.63,0.00,0.00,6,4,5
729,BossLose,90.0,BossMeleeAggro,PlayerHybridSurvivor,PlayerHybridSurvivor,200,758,0.70,0.00,1.00,6,4,1
730,BossWin,32.4,BossRangedZoner,PlayerTrainingSkillPool,PlayerHybridSurvivor,400,625,0.75,0.00,0.00,5,3,1
731,BossLose,90.0,BossRangedZoner,PlayerMeleeBurst,PlayerCCDebuffer,200,2221,0.11,0.00,1.00,6,14,12
732,BossWin,30.1,BossMeleeAggro,PlayerMeleeBurst,PlayerHybridSurvivor,400,1166,0.53,0.00,0.00,4,6,1
733,BossLose,78.4,BossMeleeAggro,PlayerHybridSurvivor,PlayerTrainingSkillPool,345,2500,0.00,0.00,0.27,2,5,12
734,BossLose,90.0,BossRangedZoner,PlayerTrainingSkillPool,PlayerHybridSurvivor,362,1459,0.42,0.00,0.19,6,3,7
735,BossLose,90.0,BossTankSustain,PlayerHybridSurvivor,PlayerTrainingSkillPool,200,1661,0.34,0.00,1.00,4,9,9
736,BossWin,76.0,BossTankSustain,PlayerTrainingSkillPool,PlayerHybridSurvivor,400,883,0.65,0.00,0.00,5,7,3
737,BossLose,52.0,BossRangedZoner,PlayerTrainingSkillPool,PlayerMeleeBurst,268,2500,0.00,0.50,0.16,1,13,5
738,BossWin,60.3,BossMeleeAggro,PlayerHybridSurvivor,PlayerMeleeBurst,400,1801,0.28,0.00,0.00,5,7,5
739,BossWin,62.1,BossMeleeAggro,PlayerCCDebuffer,PlayerMeleeBurst,400,1620,0.35,0.00,0.00,5,11,3
740,BossLose,90.0,BossMeleeAggro,PlayerMeleeBurst,PlayerHybridSurvivor,258,2015,0.19,0.00,0.71,4,9,3
741,BossLose,90.0,BossMeleeAggro,PlayerCCDebuffer,PlayerCCDebuffer,286,965,0.61,0.00,0.57,9,2,16
742,BossLose,65.9,BossMeleeAggro,PlayerTrainingSkillPool,PlayerCCDebuffer,147,2500,0.00,0.26,1.00,1,16,11
743,BossWin,40.2,BossRangedZoner,PlayerCCDebuffer,PlayerCCDebuffer,400,275,0.89,0.00,0.00,6,6,1
744,BossLose,71.8,BossTankSustain,PlayerTrainingSkillPool,PlayerMeleeBurst,176,2500,0.00,0.68,0.44,2,20,8
745,BossLose,90.0,BossMeleeAggro,PlayerTrainingSkillPool,PlayerCCDebuffer,200,1005,0.60,0.00,1.00,8,2,11
746,BossLose,90.0,BossRangedZoner,PlayerMeleeBurst,PlayerTrainingSkillPool,221,1738,0.31,0.00,0.90,5,2,15
747,BossLose,41.7,BossRangedZoner,PlayerTrainingSkillPool,PlayerCCDebuffer,323,2500,0.00,0.06,0.33,4,9,8
748,BossLose,90.0,BossMeleeAggro,PlayerCCDebuffer,PlayerCCDebuffer,286,1502,0.40,0.00,0.57,5,7,13
749,BossLose,59.0,BossTankSustain,PlayerMeleeBurst,PlayerTrainingSkillPool,55,2500,0.00,0.84,0.88,2,16,3
750,BossLose,61.3,BossRangedZoner,PlayerCCDebuffer,PlayerTrainingSkillPool,196,2500,0.00,0.19,0.83,3,15,7
751,BossLose,70.3,BossRangedZoner,PlayerMeleeBurst,PlayerHybridSurvivor,138,2500,0.00,0.46,0.85,2,15,1
752,BossLose,63.6,BossMeleeAggro,PlayerMeleeBurst,PlayerCCDebuffer,337,2500,0.00,0.00,0.32,7,9,11
753,BossWin,79.2,BossMeleeAggro,PlayerCCDebuffer,PlayerHybridSurvivor,400,792,0.68,0.00,0.00,6,11,1
754,BossWin,50.1,BossRangedZoner,PlayerTrainingSkillPool,PlayerHybridSurvivor,400,735,0.71,0.00,0.00,5,11,1
755,BossLose,63.0,BossRangedZoner,PlayerTrainingSkillPool,PlayerCCDebuffer,182,2500,0.00,0.09,1.00,0,17,13
756,BossWin,44.0,BossRangedZoner,PlayerTrainingSkillPool,PlayerCCDebuffer,400,1407,0.44,0.00,0.00,3,5,5
757,BossLose,46.0,BossRangedZoner,PlayerMeleeBurst,PlayerCCDebuffer,49,2500,0.00,0.75,1.00,0,13,7
758,BossLose,90.0,BossTankSustain,PlayerHybridSurvivor,PlayerHybridSurvivor,200,1670,0.33,0.00,1.00,1,6,9
759,BossLose,90.0,BossTankSustain,PlayerHybridSurvivor,PlayerHybridSurvivor,228,1054,0.58,0.00,0.86,3,8,0
760,BossLose,90.0,BossMeleeAggro,PlayerTrainingSkillPool,PlayerCCDebuffer,200,1936,0.23,0.00,1.00,4,6,12
761,BossLose,90.0,BossTankSustain,PlayerTrainingSkillPool,PlayerHybridSurvivor,276,1615,0.35,0.00,0.62,1,4,6
762,BossLose,51.3,BossTankSustain,PlayerMeleeBurst,PlayerTrainingSkillPool,126,2500,0.00,0.37,1.00,1,15,2
763,BossWin,80.2,BossRangedZoner,PlayerCCDebuffer,PlayerTrainingSkillPool,400,1070,0.57,0.00,0.00,7,3,6
764,BossLose,76.4,BossTankSustain,PlayerHybridSurvivor,PlayerTrainingSkillPool,133,2500,0.00,0.33,1.00,1,13,6
765,BossLose,90.0,BossMeleeAggro,PlayerMeleeBurst,PlayerMeleeBurst,360,1064,0.57,0.00,0.20,4,5,4
766,BossLose,90.0,BossMeleeAggro,PlayerMeleeBurst,PlayerHybridSurvivor,344,1363,0.45,0.00,0.28,7,8,2
767,BossLose,90.0,BossTankSustain,PlayerCCDebuffer,PlayerHybridSurvivor,200,1709,0.32,0.00,1.00,2,21,4
768,BossWin,64.3,BossMeleeAggro,PlayerMeleeBurst,PlayerMeleeBurst,400,1740,0.30,0.00,0.00,6,5,6
769,BossLose,90.0,BossRangedZoner,PlayerCCDebuffer,PlayerMeleeBurst,343,1935,0.23,0.00,0.28,3,10,8
770,BossWin,50.3,BossMeleeAggro,PlayerHybridSurvivor,PlayerCCDebuffer,400,545,0.78,0.00,0.00,5,1,4
771,BossLose,90.0,BossTankSustain,PlayerMeleeBurst,PlayerCCDebuffer,286,2102,0.16,0.00,0.57,4,8,15
772,BossLose,47.8,BossRangedZoner,PlayerMeleeBurst,PlayerMeleeBurst,36,2500,0.00,0.94,0.88,0,11,5
773,BossLose,90.0,BossRangedZoner,PlayerTrainingSkillPool,PlayerTrainingSkillPool,189,2000,0.20,0.77,0.28,0,12,7
774,BossLose,90.0,BossMeleeAggro,PlayerMeleeBurst,PlayerMeleeBurst,200,345,0.86,0.00,1.00,2,0,3
775,BossLose,90.0,BossTankSustain,PlayerHybridSurvivor,PlayerCCDebuffer,200,2002,0.20,0.00,1.00,2,7,21
776,BossWin,47.7,BossMeleeAggro,PlayerHybridSurvivor,PlayerMeleeBurst,400,1734,0.31,0.00,0.00,4,10,3
777,BossLose,65.4,BossMeleeAggro,PlayerMeleeBurst,PlayerMeleeBurst,17,2500,0.00,0.91,1.00,1,12,3
778,BossLose,90.0,BossRangedZoner,PlayerMeleeBurst,PlayerMeleeBurst,286,734,0.71,0.00,0.57,5,2,4
779,BossLose,90.0,BossMeleeAggro,PlayerCCDebuffer,PlayerTrainingSkillPool,244,1768,0.29,0.00,0.78,5,15,1
780,BossLose,54.3,BossTankSustain,PlayerHybridSurvivor,PlayerCCDebuffer,165,2500,0.00,0.21,0.97,2,13,6
781,BossLose,90.0,BossTankSustain,PlayerTrainingSkillPool,PlayerHybridSurvivor,249,680,0.73,0.00,0.76,3,6,0
782,BossLose,79.6,BossRangedZoner,PlayerHybridSurvivor,PlayerMeleeBurst,238,2500,0.00,0.34,0.47,3,14,6
783,BossLose,90.0,BossMeleeAggro,PlayerMeleeBurst,PlayerHybridSurvivor,280,808,0.68,0.00,0.60,7,3,1
784,BossLose,90.0,BossTankSustain,PlayerCCDebuffer,PlayerCCDebuffer,261,2346,0.06,0.00,0.69,2,21,13
785,BossWin,71.7,BossRangedZoner,PlayerHybridSurvivor,PlayerHybridSurvivor,400,1359,0.46,0.00,0.00,5,4,5
786,BossLose,90.0,BossRangedZoner,PlayerCCDebuffer,PlayerCCDebuffer,328,1410,0.44,0.00,0.36,10,4,17
787,BossLose,71.1,BossMeleeAggro,PlayerTrainingSkillPool,PlayerCCDebuffer,299,2500,0.00,0.00,0.51,8,6,14
788,BossLose,90.0,BossRangedZoner,PlayerCCDebuffer,PlayerTrainingSkillPool,308,1840,0.26,0.00,0.46,3,11,15
789,BossLose,90.0,BossMeleeAggro,PlayerHybridSurvivor,PlayerHybridSurvivor,200,2000,0.20,0.00,1.00,3,6,5
790,BossLose,90.0,BossMeleeAggro,PlayerCCDebuffer,PlayerMeleeBurst,200,2110,0.16,0.00,1.00,10,1,10
791,BossLose,70.1,BossTankSustain,PlayerMeleeBurst,PlayerCCDebuffer,227,2500,0.00,0.05,0.82,3,18,6
792,BossLose,90.0,BossTankSustain,PlayerMeleeBurst,PlayerMeleeBurst,308,1741,0.30,0.00,0.46,2,9,3
793,BossLose,90.0,BossTankSustain,PlayerHybridSurvivor,PlayerHybridSurvivor,139,1706,0.32,0.38,0.93,2,13,0
794,BossLose,90.0,BossRangedZoner,PlayerCCDebuffer,PlayerTrainingSkillPool,142,2073,0.17,1.00,0.29,4,23,7
795,BossLose,61.7,BossRangedZoner,PlayerTrainingSkillPool,PlayerCCDebuffer,252,2500,0.00,0.00,0.74,4,11,10
796,BossLose,90.0,BossRangedZoner,PlayerCCDebuffer,PlayerTrainingSkillPool,230,2490,0.00,0.00,0.85,0,9,14
797,BossWin,82.2,BossMeleeAggro,PlayerHybridSurvivor,PlayerCCDebuffer,400,1370,0.45,0.00,0.00,7,2,15
798,BossLose,90.0,BossMeleeAggro,PlayerMeleeBurst,PlayerMeleeBurst,200,1816,0.27,0.00,1.00,1,4,7
799,BossWin,36.2,BossMeleeAggro,PlayerCCDebuffer,PlayerCCDebuffer,400,570,0.77,0.00,0.00,4,4,2
800,BossWin,30.4,BossRangedZoner,PlayerTrainingSkillPool,PlayerMeleeBurst,400,676,0.73,0.00,0.00,4,2,4
801,BossLose,90.0,BossMeleeAggro,PlayerTrainingSkillPool,PlayerMeleeBurst,270,2064,0.17,0.00,0.65,5,8,8
802,BossLose,90.0,BossMeleeAggro,PlayerTrainingSkillPool,PlayerMeleeBurst,200,2287,0.09,0.00,1.00,5,7,12
803,BossWin,40.5,BossMeleeAggro,PlayerTrainingSkillPool,PlayerMeleeBurst,400,1055,0.58,0.00,0.00,4,8,4
804,BossLose,55.8,BossTankSustain,PlayerMeleeBurst,PlayerTrainingSkillPool,141,2500,0.00,0.30,1.00,1,13,5
805,BossLose,90.0,BossTankSustain,PlayerHybridSurvivor,PlayerHybridSurvivor,200,2475,0.01,0.00,1.00,0,13,6
806,BossLose,90.0,BossMeleeAggro,PlayerHybridSurvivor,PlayerTrainingSkillPool,284,988,0.60,0.00,0.58,5,1,10
807,BossLose,90.0,BossMeleeAggro,PlayerCCDebuffer,PlayerHybridSurvivor,274,1163,0.53,0.00,0.63,6,3,7
808,BossLose,60.0,BossRangedZoner,PlayerCCDebuffer,PlayerMeleeBurst,129,2500,0.00,0.71,0.64,1,12,7
809,BossLose,90.0,BossRangedZoner,PlayerHybridSurvivor,PlayerHybridSurvivor,200,1301,0.48,0.00,1.00,4,9,1
810,BossLose,71.7,BossMeleeAggro,PlayerMeleeBurst,PlayerHybridSurvivor,96,2500,0.00,0.52,1.00,0,18,1
811,BossLose,65.5,BossTankSustain,PlayerTrainingSkillPool,PlayerCCDebuffer,127,2500,0.00,0.37,1.00,0,11,11
812,BossLose,55.4,BossTankSustain,PlayerMeleeBurst,PlayerTrainingSkillPool,19,2500,0.00,0.91,1.00,0,14,5
813,BossLose,73.7,BossRangedZoner,PlayerMeleeBurst,PlayerTrainingSkillPool,56,2500,0.00,0.83,0.89,1,15,14
814,BossLose,90.0,BossTankSustain,PlayerHybridSurvivor,PlayerHybridSurvivor,267,1660,0.34,0.00,0.66,3,3,8
815,BossLose,90.0,BossTankSustain,PlayerTrainingSkillPool,PlayerMeleeBurst,200,1677,0.33,0.00,1.00,3,4,7
816,BossLose,79.3,BossRangedZoner,PlayerHybridSurvivor,PlayerCCDebuffer,105,2500,0.00,0.81,0.66,1,6,16

# === Session 2026-04-27 19:03:34 ===
Episode,Result,Duration,BossPool,P1Pool,P2Pool,BossDmgDealt,PlayerDmgDealt,BossHpLeft,P1HpLeft,P2HpLeft,BossHits,P1Hits,P2Hits
1,BossWin,71.6,BossRangedZoner,PlayerCCDebuffer,PlayerHybridSurvivor,400,1063,0.57,0.00,0.00,6,3,5
2,BossLose,52.5,BossTankSustain,PlayerRangedKiter,PlayerRangedKiter,164,2500,0.00,0.18,1.00,1,13,12
3,BossWin,50.3,BossMeleeAggro,PlayerRangedKiter,PlayerHybridSurvivor,400,1072,0.57,0.00,0.00,5,10,0
4,BossWin,20.2,BossRangedZoner,PlayerCCDebuffer,PlayerRangedKiter,400,340,0.86,0.00,0.00,3,3,1
5,BossWin,62.1,BossMeleeAggro,PlayerCCDebuffer,PlayerCCDebuffer,400,1524,0.39,0.00,0.00,2,10,17
6,BossLose,73.8,BossTankSustain,PlayerHybridSurvivor,PlayerRangedKiter,200,2500,0.00,0.00,1.00,2,5,18
7,BossWin,77.7,BossMeleeAggro,PlayerHybridSurvivor,PlayerCCDebuffer,400,1186,0.53,0.00,0.00,9,2,17
8,BossLose,71.3,BossRangedZoner,PlayerMeleeBurst,PlayerRangedKiter,305,2500,0.00,0.00,0.48,7,3,17
9,BossWin,20.3,BossMeleeAggro,PlayerMeleeBurst,PlayerCCDebuffer,400,762,0.70,0.00,0.00,4,4,2
10,BossWin,38.2,BossMeleeAggro,PlayerHybridSurvivor,PlayerCCDebuffer,400,819,0.67,0.00,0.00,4,3,6
11,BossWin,56.2,BossMeleeAggro,PlayerCCDebuffer,PlayerRangedKiter,400,1224,0.51,0.00,0.00,5,4,15
12,BossLose,85.6,BossRangedZoner,PlayerRangedKiter,PlayerHybridSurvivor,70,2500,0.00,0.65,1.00,2,21,0
13,BossLose,89.1,BossRangedZoner,PlayerMeleeBurst,PlayerMeleeBurst,307,2500,0.00,0.00,0.46,8,6,11
14,BossWin,78.2,BossRangedZoner,PlayerHybridSurvivor,PlayerHybridSurvivor,400,1426,0.43,0.00,0.00,6,1,7
15,BossLose,46.6,BossTankSustain,PlayerRangedKiter,PlayerRangedKiter,242,2500,0.00,0.56,0.23,3,9,10
